"airline";"flight number";"origin airport";"destination airport";"origin city";"destination city";"origin country";"destination country";"STD";"STA";"UTC diff origin";"UTC diff destination";"days of operation";"AC type";"seat capacity"
"XY";571;"ZRH";"FCO";"ZRH";"ROM";"CH";"IT";"12:20";"13:55";120;120;"1.3456.";"E75";76
"XY";573;"ZRH";"FCO";"ZRH";"ROM";"CH";"IT";"18:45";"20:20";120;120;"1234567";"E75";76
"XY";651;"YYZ";"FCO";"YTO";"ROM";"CA";"IT";"22:45";"13:20";-240;120;"1234567";332;239
"XY";491;"WAW";"FCO";"WAW";"ROM";"PL";"IT";"13:20";"15:40";120;120;"1234567";"32S";168
"XY";1496;"VRN";"FCO";"VRN";"ROM";"IT";"IT";"18:55";"20:00";120;120;"12.4567";"E90";108
"XY";1490;"VRN";"FCO";"VRN";"ROM";"IT";"IT";"08:05";"09:10";120;120;"...45.7";319;138
"XY";1496;"VRN";"FCO";"VRN";"ROM";"IT";"IT";"18:55";"20:00";120;120;"..3....";319;138
"XY";1494;"VRN";"FCO";"VRN";"ROM";"IT";"IT";"16:55";"18:00";120;120;"1234567";"E75";76
"XY";1492;"VRN";"FCO";"VRN";"ROM";"IT";"IT";"12:35";"13:40";120;120;"1234567";319;138
"XY";1490;"VRN";"FCO";"VRN";"ROM";"IT";"IT";"08:05";"09:10";120;120;"123..6.";320;167
"XY";83;"VLC";"FCO";"VLC";"ROM";"ES";"IT";"17:55";"19:50";120;120;"1234.67";319;138
"XY";189;"VIE";"FCO";"VIE";"ROM";"AT";"IT";"12:10";"13:45";120;120;"12.4567";"E75";76
"XY";191;"VIE";"FCO";"VIE";"ROM";"AT";"IT";"18:50";"20:25";120;120;"1234567";"E75";76
"XY";1472;"VCE";"FCO";"VCE";"ROM";"IT";"IT";"14:35";"15:40";120;120;"12.456.";"E90";108
"XY";1470;"VCE";"FCO";"VCE";"ROM";"IT";"IT";"16:55";"18:00";120;120;"12345.7";"32S";168
"XY";1462;"VCE";"FCO";"VCE";"ROM";"IT";"IT";"19:15";"20:20";120;120;"1234567";319;138
"XY";1472;"VCE";"FCO";"VCE";"ROM";"IT";"IT";"14:35";"15:40";120;120;"......7";"32S";168
"XY";1464;"VCE";"FCO";"VCE";"ROM";"IT";"IT";"12:25";"13:30";120;120;"1234567";"32S";168
"XY";1474;"VCE";"FCO";"VCE";"ROM";"IT";"IT";"19:40";"20:45";120;120;"12345.7";"E75";76
"XY";1470;"VCE";"FCO";"VCE";"ROM";"IT";"IT";"16:55";"18:00";120;120;".....6.";319;138
"XY";1460;"VCE";"FCO";"VCE";"ROM";"IT";"IT";"06:20";"07:25";120;120;"123456.";"E75";76
"XY";1472;"VCE";"FCO";"VCE";"ROM";"IT";"IT";"14:35";"15:40";120;120;"..3....";319;138
"XY";1468;"VCE";"FCO";"VCE";"ROM";"IT";"IT";"10:15";"11:20";120;120;"123456.";"E75";76
"XY";1466;"VCE";"FCO";"VCE";"ROM";"IT";"IT";"06:50";"07:55";120;120;"1234567";"E75";76
"XY";863;"TUN";"FCO";"TUN";"ROM";"TN";"IT";"17:35";"20:00";60;120;"1234567";"32S";168
"XY";867;"TUN";"FCO";"TUN";"ROM";"TN";"IT";"11:20";"13:45";60;120;"1234567";319;138
"XY";1364;"TRS";"FCO";"TRS";"ROM";"IT";"IT";"16:55";"18:05";120;120;"1234567";319;138
"XY";1360;"TRS";"FCO";"TRS";"ROM";"IT";"IT";"11:50";"13:00";120;120;"123.567";"E75";76
"XY";1354;"TRS";"FCO";"TRS";"ROM";"IT";"IT";"09:50";"11:00";120;120;"1234567";"E75";76
"XY";1705;"TRS";"NAP";"TRS";"NAP";"IT";"IT";"12:05";"13:20";120;120;"1234567";"E75";76
"XY";1366;"TRS";"CTA";"TRS";"CTA";"IT";"IT";"10:45";"12:25";120;120;"1234567";"E75";76
"XY";1362;"TRS";"FCO";"TRS";"ROM";"IT";"IT";"20:25";"21:35";120;120;"12345.7";319;138
"XY";1356;"TRS";"FCO";"TRS";"ROM";"IT";"IT";"08:10";"09:20";120;120;"1234567";319;138
"XY";1350;"TRS";"LIN";"TRS";"MIL";"IT";"IT";"06:50";"07:45";120;120;"12345..";"E75";76
"XY";1360;"TRS";"FCO";"TRS";"ROM";"IT";"IT";"12:05";"13:15";120;120;"...4...";319;138
"XY";1422;"TRN";"FCO";"TRN";"ROM";"IT";"IT";"19:10";"20:20";120;120;"....5..";319;138
"XY";1210;"TRN";"NAP";"TRN";"NAP";"IT";"IT";"08:45";"10:05";120;120;"123456.";319;138
"XY";1414;"TRN";"FCO";"TRN";"ROM";"IT";"IT";"12:30";"13:40";120;120;"1234567";"32S";168
"XY";1412;"TRN";"FCO";"TRN";"ROM";"IT";"IT";"10:25";"11:35";120;120;"12345..";"32S";168
"XY";1191;"TRN";"SUF";"TRN";"SUF";"IT";"IT";"17:30";"19:10";120;120;"1234567";319;138
"XY";1428;"TRN";"FCO";"TRN";"ROM";"IT";"IT";"20:55";"22:05";120;120;"12.4567";319;138
"XY";1412;"TRN";"FCO";"TRN";"ROM";"IT";"IT";"10:25";"11:35";120;120;".....6.";319;138
"XY";1428;"TRN";"FCO";"TRN";"ROM";"IT";"IT";"20:55";"22:05";120;120;"..3....";"E90";108
"XY";1418;"TRN";"FCO";"TRN";"ROM";"IT";"IT";"14:15";"15:25";120;120;"1234567";"E75";76
"XY";1410;"TRN";"FCO";"TRN";"ROM";"IT";"IT";"08:10";"09:20";120;120;"123456.";"32S";168
"XY";1426;"TRN";"FCO";"TRN";"ROM";"IT";"IT";"16:50";"18:00";120;120;"1234567";"32S";168
"XY";1432;"TRN";"FCO";"TRN";"ROM";"IT";"IT";"07:45";"08:55";120;120;"123456.";319;138
"XY";1410;"TRN";"FCO";"TRN";"ROM";"IT";"IT";"08:10";"09:20";120;120;"......7";319;138
"XY";1218;"TRN";"NAP";"TRN";"NAP";"IT";"IT";"21:30";"22:50";120;120;"12345.7";319;138
"XY";1640;"TRN";"BRI";"TRN";"BRI";"IT";"IT";"07:40";"09:10";120;120;"1234567";319;138
"XY";1216;"TRN";"NAP";"TRN";"NAP";"IT";"IT";"15:00";"16:20";120;120;"1234567";319;138
"XY";1746;"TRN";"PMO";"TRN";"PMO";"IT";"IT";"12:20";"13:55";120;120;"1234567";319;138
"XY";1422;"TRN";"FCO";"TRN";"ROM";"IT";"IT";"19:10";"20:20";120;120;"1234.67";"32S";168
"XY";1214;"TRN";"NAP";"TRN";"NAP";"IT";"IT";"17:25";"18:45";120;120;"1234567";"E75";76
"XY";1800;"TPS";"FCO";"TPS";"ROM";"IT";"IT";"15:55";"17:10";120;120;".....67";319;138
"XY";815;"TLV";"FCO";"TLV";"ROM";"IL";"IT";"05:50";"08:40";180;120;"......7";"32S";168
"XY";813;"TLV";"FCO";"TLV";"ROM";"IL";"IT";"20:15";"23:05";180;120;"1.3456.";321;200
"XY";809;"TLV";"FCO";"TLV";"ROM";"IL";"IT";"10:35";"13:25";180;120;"1234567";321;200
"XY";811;"TLV";"FCO";"TLV";"ROM";"IL";"IT";"17:10";"20:00";180;120;"1234567";321;200
"XY";815;"TLV";"FCO";"TLV";"ROM";"IL";"IT";"05:50";"08:40";180;120;"1.3.5..";321;200
"XY";367;"TLS";"FCO";"TLS";"ROM";"FR";"IT";"14:15";"16:00";120;120;"12345.7";"E75";76
"XY";871;"TIP";"FCO";"TIP";"ROM";"LY";"IT";"18:00";"20:00";120;120;"1234567";319;138
"XY";869;"TIP";"FCO";"TIP";"ROM";"LY";"IT";"11:20";"13:20";120;120;"1234567";319;138
"XY";585;"TIA";"FCO";"TIA";"ROM";"AL";"IT";"18:15";"19:40";120;120;"1234567";320;167
"XY";583;"TIA";"FCO";"TIA";"ROM";"AL";"IT";"05:35";"07:00";120;120;"12345.7";"32S";168
"XY";507;"TIA";"FCO";"TIA";"ROM";"AL";"IT";"11:55";"13:20";120;120;"123.567";319;138
"XY";559;"TGD";"FCO";"TGD";"ROM";"ME";"IT";"11:20";"12:50";120;120;".2.4.6.";"E75";76
"XY";551;"TBS";"FCO";"TBS";"ROM";"GE";"IT";"04:25";"06:40";240;120;".2.4..7";320;167
"XY";553;"SVX";"FCO";"SVX";"ROM";"RU";"IT";"06:15";"08:00";360;120;"..3.5.7";"32S";168
"XY";549;"SVO";"FCO";"MOW";"ROM";"RU";"IT";"13:45";"15:40";240;120;"1234567";"32S";168
"XY";595;"SVO";"FCO";"MOW";"ROM";"RU";"IT";"06:30";"08:25";240;120;"1234567";321;200
"XY";547;"SVO";"FCO";"MOW";"ROM";"RU";"IT";"18:10";"20:05";240;120;".2.4567";321;200
"XY";561;"SVO";"MXP";"MOW";"MIL";"RU";"IT";"14:45";"16:30";240;120;"1234567";"32S";168
"XY";565;"SVO";"MXP";"MOW";"MIL";"RU";"IT";"06:10";"07:55";240;120;"1234567";"32S";168
"XY";1178;"SUF";"FCO";"SUF";"ROM";"IT";"IT";"18:50";"20:00";120;120;".....6.";319;138
"XY";1174;"SUF";"LIN";"SUF";"MIL";"IT";"IT";"17:25";"19:05";120;120;".....6.";319;138
"XY";1174;"SUF";"LIN";"SUF";"MIL";"IT";"IT";"15:35";"17:15";120;120;"12345.7";319;138
"XY";1190;"SUF";"TRN";"SUF";"TRN";"IT";"IT";"20:00";"21:40";120;120;"1234567";319;138
"XY";1178;"SUF";"FCO";"SUF";"ROM";"IT";"IT";"18:50";"20:00";120;120;"12345.7";"32S";168
"XY";1172;"SUF";"FCO";"SUF";"ROM";"IT";"IT";"10:00";"11:10";120;120;"1234567";321;200
"XY";1166;"SUF";"FCO";"SUF";"ROM";"IT";"IT";"14:30";"15:40";120;120;"1234567";320;167
"XY";1162;"SUF";"FCO";"SUF";"ROM";"IT";"IT";"07:55";"09:05";120;120;"1234567";"32S";168
"XY";1168;"SUF";"FCO";"SUF";"ROM";"IT";"IT";"16:50";"18:00";120;120;"1......";"32S";168
"XY";1168;"SUF";"FCO";"SUF";"ROM";"IT";"IT";"16:50";"18:00";120;120;".234567";321;200
"XY";1176;"SUF";"FCO";"SUF";"ROM";"IT";"IT";"12:25";"13:35";120;120;"1234567";321;200
"XY";521;"SOF";"FCO";"SOF";"ROM";"BG";"IT";"19:05";"20:00";180;120;".23.567";"32S";168
"XY";729;"SKG";"FCO";"SKG";"ROM";"GR";"IT";"12:25";"13:15";180;120;"1234567";"E90";108
"XY";733;"SKG";"FCO";"SKG";"ROM";"GR";"IT";"07:10";"08:00";180;120;"1234567";"E90";108
"XY";731;"RHO";"FCO";"RHO";"ROM";"GR";"IT";"18:30";"20:05";180;120;".....67";"32S";168
"XY";1154;"REG";"FCO";"REG";"ROM";"IT";"IT";"07:55";"09:10";120;120;"1234567";320;167
"XY";1156;"REG";"FCO";"REG";"ROM";"IT";"IT";"12:10";"13:25";120;120;"1234567";320;167
"XY";1198;"REG";"LIN";"REG";"MIL";"IT";"IT";"06:30";"08:10";120;120;"123456.";320;167
"XY";1158;"REG";"FCO";"REG";"ROM";"IT";"IT";"16:15";"17:30";120;120;"1234567";320;167
"XY";1160;"REG";"FCO";"REG";"ROM";"IT";"IT";"18:55";"20:10";120;120;"1234567";320;167
"XY";1242;"PSR";"LIN";"PSR";"MIL";"IT";"IT";"07:05";"08:15";120;120;"123456.";319;138
"XY";1670;"PSA";"FCO";"PSA";"ROM";"IT";"IT";"19:20";"20:10";120;120;"1234567";"E75";76
"XY";1664;"PSA";"FCO";"PSA";"ROM";"IT";"IT";"10:20";"11:10";120;120;"1234567";"E75";76
"XY";1666;"PSA";"FCO";"PSA";"ROM";"IT";"IT";"08:10";"09:00";120;120;"1234567";"E75";76
"XY";513;"PRG";"FCO";"PRG";"ROM";"CZ";"IT";"16:25";"18:25";120;120;"..3..6.";"32S";168
"XY";1147;"PNL";"LIN";"PNL";"MIL";"IT";"IT";"22:10";"23:50";120;120;".....6.";320;167
"XY";1147;"PNL";"LIN";"PNL";"MIL";"IT";"IT";"11:35";"13:15";120;120;"......7";320;167
"XY";1841;"PNL";"FCO";"PNL";"ROM";"IT";"IT";"12:00";"13:15";120;120;".....67";320;167
"XY";1780;"PMO";"FCO";"PMO";"ROM";"IT";"IT";"16:50";"18:00";120;120;"123456.";319;138
"XY";1760;"PMO";"LIN";"PMO";"MIL";"IT";"IT";"20:10";"21:45";120;120;"12345.7";319;138
"XY";1798;"PMO";"FCO";"PMO";"ROM";"IT";"IT";"19:00";"20:10";120;120;".2.4567";"32S";168
"XY";1776;"PMO";"FCO";"PMO";"ROM";"IT";"IT";"06:20";"07:30";120;120;"12.4567";321;200
"XY";1788;"PMO";"FCO";"PMO";"ROM";"IT";"IT";"13:10";"14:20";120;120;"12.456.";"32S";168
"XY";1784;"PMO";"FCO";"PMO";"ROM";"IT";"IT";"11:00";"12:10";120;120;"12.4567";321;200
"XY";1778;"PMO";"FCO";"PMO";"ROM";"IT";"IT";"07:05";"08:15";120;120;"..3....";"32S";168
"XY";1788;"PMO";"FCO";"PMO";"ROM";"IT";"IT";"13:10";"14:20";120;120;"..3....";320;167
"XY";1206;"PMO";"NAP";"PMO";"NAP";"IT";"IT";"21:10";"22:05";120;120;"12345.7";"E75";76
"XY";1782;"PMO";"FCO";"PMO";"ROM";"IT";"IT";"10:05";"11:15";120;120;".23.567";"32S";168
"XY";1796;"PMO";"FCO";"PMO";"ROM";"IT";"IT";"12:20";"13:30";120;120;"1234567";321;200
"XY";1782;"PMO";"FCO";"PMO";"ROM";"IT";"IT";"10:05";"11:15";120;120;"1..4...";319;138
"XY";1788;"PMO";"FCO";"PMO";"ROM";"IT";"IT";"13:10";"14:20";120;120;"......7";321;200
"XY";1204;"PMO";"NAP";"PMO";"NAP";"IT";"IT";"15:00";"15:55";120;120;"1234567";"E75";76
"XY";1747;"PMO";"TRN";"PMO";"TRN";"IT";"IT";"14:40";"16:20";120;120;"1234567";319;138
"XY";1774;"PMO";"FCO";"PMO";"ROM";"IT";"IT";"07:55";"09:05";120;120;"1234567";"32S";168
"XY";1792;"PMO";"FCO";"PMO";"ROM";"IT";"IT";"14:35";"15:45";120;120;"......7";319;138
"XY";1776;"PMO";"FCO";"PMO";"ROM";"IT";"IT";"06:20";"07:30";120;120;"..3....";319;138
"XY";1798;"PMO";"FCO";"PMO";"ROM";"IT";"IT";"19:00";"20:10";120;120;"1.3....";321;200
"XY";1792;"PMO";"FCO";"PMO";"ROM";"IT";"IT";"14:35";"15:45";120;120;".2.45..";"32S";168
"XY";1786;"PMO";"FCO";"PMO";"ROM";"IT";"IT";"20:00";"21:10";120;120;"1234567";319;138
"XY";1202;"PMO";"NAP";"PMO";"NAP";"IT";"IT";"09:00";"09:55";120;120;"123456.";"E75";76
"XY";1780;"PMO";"FCO";"PMO";"ROM";"IT";"IT";"16:50";"18:00";120;120;"......7";320;167
"XY";1784;"PMO";"FCO";"PMO";"ROM";"IT";"IT";"11:00";"12:10";120;120;"..3....";"32S";168
"XY";1760;"PMO";"LIN";"PMO";"MIL";"IT";"IT";"20:10";"21:45";120;120;".....6.";"32S";168
"XY";1778;"PMO";"FCO";"PMO";"ROM";"IT";"IT";"07:05";"08:15";120;120;"12.4567";319;138
"XY";1792;"PMO";"FCO";"PMO";"ROM";"IT";"IT";"14:35";"15:45";120;120;"1.3..6.";321;200
"XY";89;"PMI";"FCO";"PMI";"ROM";"ES";"IT";"11:00";"12:45";120;120;".....67";"32S";168
"XY";505;"OTP";"LIN";"BUH";"MIL";"RO";"IT";"14:45";"16:00";180;120;"12345.7";319;138
"XY";505;"OTP";"LIN";"BUH";"MIL";"RO";"IT";"14:45";"16:00";180;120;".....6.";"32S";168
"XY";495;"OTP";"FCO";"BUH";"ROM";"RO";"IT";"12:20";"13:30";180;120;"......7";320;167
"XY";503;"OTP";"FCO";"BUH";"ROM";"RO";"IT";"19:00";"20:10";180;120;"1234567";"32S";168
"XY";495;"OTP";"FCO";"BUH";"ROM";"RO";"IT";"12:20";"13:30";180;120;"1.3456.";"32S";168
"XY";357;"ORY";"LIN";"PAR";"MIL";"FR";"IT";"07:35";"09:00";120;120;"123456.";320;167
"XY";799;"ORN";"FCO";"ORN";"ROM";"DZ";"IT";"11:25";"15:00";60;120;".2.4...";319;138
"XY";629;"ORD";"FCO";"CHI";"ROM";"US";"IT";"20:50";"13:20";-300;120;"12..567";332;239
"XY";785;"NRT";"FCO";"TYO";"ROM";"JP";"IT";"13:55";"19:40";540;120;"1.34567";772;293
"XY";783;"NRT";"FCO";"TYO";"ROM";"JP";"IT";"09:25";"15:10";540;120;"123.5..";772;293
"XY";787;"NRT";"MXP";"TYO";"MIL";"JP";"IT";"12:35";"18:05";540;120;"12.4.6.";772;293
"XY";355;"NCE";"FCO";"NCE";"ROM";"FR";"IT";"18:30";"19:40";120;120;"1234567";319;138
"XY";343;"NCE";"FCO";"NCE";"ROM";"FR";"IT";"10:20";"11:30";120;120;"1234567";"32S";168
"XY";1268;"NAP";"FCO";"NAP";"ROM";"IT";"IT";"08:15";"09:10";120;120;"1234567";"E75";76
"XY";1217;"NAP";"TRN";"NAP";"TRN";"IT";"IT";"19:15";"20:45";120;120;"12345.7";319;138
"XY";1272;"NAP";"GOA";"NAP";"GOA";"IT";"IT";"16:55";"18:10";120;120;"12345.7";"E75";76
"XY";1270;"NAP";"FCO";"NAP";"ROM";"IT";"IT";"16:40";"17:35";120;120;"1234567";319;138
"XY";1705;"NAP";"CTA";"NAP";"CTA";"IT";"IT";"15:00";"16:00";120;120;"1234567";"E75";76
"XY";1278;"NAP";"LIN";"NAP";"MIL";"IT";"IT";"06:30";"07:45";120;120;"12345..";"E75";76
"XY";1707;"NAP";"CTA";"NAP";"CTA";"IT";"IT";"06:50";"07:50";120;120;"123456.";"E75";76
"XY";1278;"NAP";"LIN";"NAP";"MIL";"IT";"IT";"08:00";"09:15";120;120;".....6.";"E75";76
"XY";1207;"NAP";"PMO";"NAP";"PMO";"IT";"IT";"19:20";"20:15";120;120;"12345.7";"E75";76
"XY";1276;"NAP";"GOA";"NAP";"GOA";"IT";"IT";"06:35";"07:50";120;120;"123456.";"E75";76
"XY";724;"NAP";"ATH";"NAP";"ATH";"IT";"GR";"10:30";"13:10";120;180;"1234567";"E75";76
"XY";1209;"NAP";"TRN";"NAP";"TRN";"IT";"IT";"06:30";"08:00";120;120;"123456.";319;138
"XY";1278;"NAP";"LIN";"NAP";"MIL";"IT";"IT";"08:00";"09:15";120;120;"......7";"32S";168
"XY";1274;"NAP";"FCO";"NAP";"ROM";"IT";"IT";"20:45";"21:40";120;120;"1234567";319;138
"XY";1708;"NAP";"TRS";"NAP";"TRS";"IT";"IT";"10:10";"11:25";120;120;"1234567";"E75";76
"XY";1211;"NAP";"TRN";"NAP";"TRN";"IT";"IT";"12:00";"13:30";120;120;"1234567";319;138
"XY";1205;"NAP";"PMO";"NAP";"PMO";"IT";"IT";"13:00";"13:55";120;120;"1234567";"E75";76
"XY";1203;"NAP";"PMO";"NAP";"PMO";"IT";"IT";"07:10";"08:05";120;120;"123456.";"E75";76
"XY";1264;"NAP";"FCO";"NAP";"ROM";"IT";"IT";"12:35";"13:30";120;120;"1234567";319;138
"XY";1213;"NAP";"TRN";"NAP";"TRN";"IT";"IT";"15:20";"16:50";120;120;"1234567";"E75";76
"XY";1015;"MXP";"FCO";"MIL";"ROM";"IT";"IT";"14:15";"15:30";120;120;"1234567";321;200
"XY";882;"MXP";"CAI";"MIL";"CAI";"IT";"EG";"09:40";"13:30";120;120;"1234567";"32S";168
"XY";1027;"MXP";"FCO";"MIL";"ROM";"IT";"IT";"16:45";"18:00";120;120;"12345.7";320;167
"XY";604;"MXP";"JFK";"MIL";"NYC";"IT";"US";"12:20";"15:30";120;-240;"1234567";330;243
"XY";1017;"MXP";"FCO";"MIL";"ROM";"IT";"IT";"08:00";"09:15";120;120;"1234567";319;138
"XY";560;"MXP";"SVO";"MIL";"MOW";"IT";"RU";"07:20";"12:55";120;240;"1234567";"32S";168
"XY";1027;"MXP";"FCO";"MIL";"ROM";"IT";"IT";"16:45";"18:00";120;120;".....6.";319;138
"XY";1019;"MXP";"FCO";"MIL";"ROM";"IT";"IT";"12:20";"13:35";120;120;"1234567";319;138
"XY";1023;"MXP";"FCO";"MIL";"ROM";"IT";"IT";"19:00";"20:15";120;120;"12345..";"32S";168
"XY";564;"MXP";"SVO";"MIL";"MOW";"IT";"RU";"22:00";"03:35";120;240;"1234567";"32S";168
"XY";786;"MXP";"NRT";"MIL";"TYO";"IT";"JP";"14:35";"09:25";120;540;".23.5.7";772;293
"XY";1023;"MXP";"FCO";"MIL";"ROM";"IT";"IT";"19:00";"20:15";120;120;".....67";319;138
"XY";437;"MUC";"FCO";"MUC";"ROM";"DE";"IT";"12:00";"13:30";120;120;"1234567";319;138
"XY";433;"MUC";"FCO";"MUC";"ROM";"DE";"IT";"18:55";"20:25";120;120;"1234567";319;138
"XY";399;"MPL";"FCO";"MPL";"ROM";"FR";"IT";"11:00";"12:40";120;120;"..3...7";"E90";108
"XY";887;"MLA";"FCO";"MLA";"ROM";"MT";"IT";"14:40";"16:05";120;120;"1234567";"32S";168
"XY";631;"MIA";"FCO";"MIA";"ROM";"US";"IT";"20:45";"12:40";-240;120;"1234567";330;243
"XY";59;"MAD";"FCO";"MAD";"ROM";"ES";"IT";"06:30";"09:00";120;120;".2.4567";321;200
"XY";59;"MAD";"FCO";"MAD";"ROM";"ES";"IT";"06:30";"09:00";120;120;"1.3....";"32S";168
"XY";61;"MAD";"FCO";"MAD";"ROM";"ES";"IT";"11:30";"14:00";120;120;"1234567";"32S";168
"XY";63;"MAD";"FCO";"MAD";"ROM";"ES";"IT";"17:45";"20:15";120;120;"1234567";"32S";168
"XY";845;"LOS";"ACC";"LOS";"ACC";"NG";"GH";"22:15";"22:20";60;0;"1.3..6.";330;243
"XY";1839;"LMP";"LIN";"LMP";"MIL";"IT";"IT";"16:50";"18:45";120;120;".....67";320;167
"XY";1830;"LMP";"FCO";"LMP";"ROM";"IT";"IT";"10:10";"11:40";120;120;".....67";320;167
"XY";1297;"LIN";"NAP";"MIL";"NAP";"IT";"IT";"21:35";"22:50";120;120;"12345.7";"E75";76
"XY";1241;"LIN";"PSR";"MIL";"PSR";"IT";"IT";"21:15";"22:25";120;120;"12345.7";319;138
"XY";1723;"LIN";"CTA";"MIL";"CTA";"IT";"IT";"15:10";"16:55";120;120;"1234567";319;138
"XY";2085;"LIN";"FCO";"MIL";"ROM";"IT";"IT";"16:30";"17:40";120;120;"12345..";"32S";168
"XY";1647;"LIN";"BRI";"MIL";"BRI";"IT";"IT";"18:50";"20:15";120;120;".....6.";"E75";76
"XY";1775;"LIN";"PMO";"MIL";"PMO";"IT";"IT";"16:55";"18:30";120;120;".....6.";"32S";168
"XY";2069;"LIN";"FCO";"MIL";"ROM";"IT";"IT";"14:30";"15:40";120;120;"12345..";319;138
"XY";2071;"LIN";"FCO";"MIL";"ROM";"IT";"IT";"15:00";"16:10";120;120;"12345..";320;167
"XY";2017;"LIN";"FCO";"MIL";"ROM";"IT";"IT";"07:15";"08:25";120;120;"....5..";319;138
"XY";416;"LIN";"FRA";"MIL";"FRA";"IT";"DE";"07:25";"08:45";120;120;"12345..";"E75";76
"XY";148;"LIN";"BRU";"MIL";"BRU";"IT";"BE";"07:05";"08:35";120;120;"12345..";"E90";108
"XY";2025;"LIN";"FCO";"MIL";"ROM";"IT";"IT";"08:20";"09:30";120;120;"12345.7";319;138
"XY";230;"LIN";"LHR";"MIL";"LON";"IT";"GB";"15:40";"16:45";120;60;"1234567";"32S";168
"XY";2037;"LIN";"FCO";"MIL";"ROM";"IT";"IT";"12:00";"13:10";120;120;"12345..";"E75";76
"XY";410;"LIN";"FRA";"MIL";"FRA";"IT";"DE";"17:30";"18:50";120;120;"12345.7";"E75";76
"XY";504;"LIN";"OTP";"MIL";"BUH";"IT";"RO";"10:40";"13:50";120;180;"12345.7";319;138
"XY";2109;"LIN";"FCO";"MIL";"ROM";"IT";"IT";"19:00";"20:10";120;120;"12345.7";319;138
"XY";2039;"LIN";"FCO";"MIL";"ROM";"IT";"IT";"10:00";"11:10";120;120;".....6.";319;138
"XY";2099;"LIN";"FCO";"MIL";"ROM";"IT";"IT";"18:20";"19:30";120;120;"12345..";"32S";168
"XY";1775;"LIN";"PMO";"MIL";"PMO";"IT";"IT";"16:55";"18:30";120;120;"12345.7";319;138
"XY";2013;"LIN";"FCO";"MIL";"ROM";"IT";"IT";"07:00";"08:10";120;120;"......7";"E90";108
"XY";2015;"LIN";"FCO";"MIL";"ROM";"IT";"IT";"07:30";"08:40";120;120;".....6.";319;138
"XY";2055;"LIN";"FCO";"MIL";"ROM";"IT";"IT";"13:00";"14:10";120;120;"123456.";"32S";168
"XY";2055;"LIN";"FCO";"MIL";"ROM";"IT";"IT";"13:00";"14:10";120;120;"......7";"E75";76
"XY";2017;"LIN";"FCO";"MIL";"ROM";"IT";"IT";"07:15";"08:25";120;120;"1234...";"32S";168
"XY";2019;"LIN";"FCO";"MIL";"ROM";"IT";"IT";"07:45";"08:55";120;120;"....5..";"32S";168
"XY";2019;"LIN";"FCO";"MIL";"ROM";"IT";"IT";"07:45";"08:55";120;120;"1234...";319;138
"XY";2075;"LIN";"FCO";"MIL";"ROM";"IT";"IT";"20:00";"21:10";120;120;".....6.";320;167
"XY";2075;"LIN";"FCO";"MIL";"ROM";"IT";"IT";"20:00";"21:10";120;120;"12345.7";319;138
"XY";1351;"LIN";"TRS";"MIL";"TRS";"IT";"IT";"09:10";"10:05";120;120;"12345..";"E75";76
"XY";2067;"LIN";"FCO";"MIL";"ROM";"IT";"IT";"18:40";"19:50";120;120;"12345..";319;138
"XY";358;"LIN";"CDG";"MIL";"PAR";"IT";"FR";"18:10";"19:40";120;120;"12345.7";"32S";168
"XY";80;"LIN";"BCN";"MIL";"BCN";"IT";"ES";"17:25";"19:00";120;120;"1234567";"32S";168
"XY";2045;"LIN";"FCO";"MIL";"ROM";"IT";"IT";"11:00";"12:10";120;120;"......7";"E90";108
"XY";2039;"LIN";"FCO";"MIL";"ROM";"IT";"IT";"10:00";"11:10";120;120;"12345..";320;167
"XY";2083;"LIN";"FCO";"MIL";"ROM";"IT";"IT";"15:30";"16:40";120;120;"12345..";319;138
"XY";120;"LIN";"AMS";"MIL";"AMS";"IT";"NL";"09:05";"11:00";120;120;"1234567";"32S";168
"XY";1144;"LIN";"PNL";"MIL";"PNL";"IT";"IT";"19:30";"21:20";120;120;".....6.";320;167
"XY";1144;"LIN";"PNL";"MIL";"PNL";"IT";"IT";"09:00";"10:50";120;120;"......7";320;167
"XY";1175;"LIN";"SUF";"MIL";"SUF";"IT";"IT";"15:05";"16:40";120;120;".....6.";319;138
"XY";2013;"LIN";"FCO";"MIL";"ROM";"IT";"IT";"07:00";"08:10";120;120;".....6.";"E75";76
"XY";2045;"LIN";"FCO";"MIL";"ROM";"IT";"IT";"11:00";"12:10";120;120;"12345..";319;138
"XY";2097;"LIN";"FCO";"MIL";"ROM";"IT";"IT";"18:00";"19:10";120;120;"12345..";320;167
"XY";2097;"LIN";"FCO";"MIL";"ROM";"IT";"IT";"18:00";"19:10";120;120;".....6.";"E90";108
"XY";2113;"LIN";"FCO";"MIL";"ROM";"IT";"IT";"19:30";"20:40";120;120;"12345..";319;138
"XY";226;"LIN";"LHR";"MIL";"LON";"IT";"GB";"07:30";"08:35";120;60;"1234567";320;167
"XY";2061;"LIN";"FCO";"MIL";"ROM";"IT";"IT";"17:00";"18:10";120;120;"......7";319;138
"XY";1641;"LIN";"BDS";"MIL";"BDS";"IT";"IT";"19:15";"20:50";120;120;"1234567";"32S";168
"XY";2013;"LIN";"FCO";"MIL";"ROM";"IT";"IT";"07:00";"08:10";120;120;"12345..";319;138
"XY";2071;"LIN";"FCO";"MIL";"ROM";"IT";"IT";"15:00";"16:10";120;120;".....67";"E90";108
"XY";1175;"LIN";"SUF";"MIL";"SUF";"IT";"IT";"13:15";"14:50";120;120;"12345.7";319;138
"XY";312;"LIN";"CDG";"MIL";"PAR";"IT";"FR";"12:55";"14:25";120;120;"1234567";"32S";168
"XY";2063;"LIN";"FCO";"MIL";"ROM";"IT";"IT";"17:30";"18:40";120;120;"12345..";319;138
"XY";2025;"LIN";"FCO";"MIL";"ROM";"IT";"IT";"08:30";"09:40";120;120;".....6.";"32S";168
"XY";1838;"LIN";"LMP";"MIL";"LMP";"IT";"IT";"14:00";"16:00";120;120;".....67";320;167
"XY";2015;"LIN";"FCO";"MIL";"ROM";"IT";"IT";"07:30";"08:40";120;120;"12345..";"32S";168
"XY";1568;"LIN";"CAG";"MIL";"CAG";"IT";"IT";"14:40";"16:05";120;120;"......7";"32S";168
"XY";2097;"LIN";"FCO";"MIL";"ROM";"IT";"IT";"18:00";"19:10";120;120;"......7";319;138
"XY";2111;"LIN";"FCO";"MIL";"ROM";"IT";"IT";"08:40";"09:50";120;120;"123456.";"32S";168
"XY";2021;"LIN";"FCO";"MIL";"ROM";"IT";"IT";"08:00";"09:10";120;120;"1234567";"32S";168
"XY";2009;"LIN";"FCO";"MIL";"ROM";"IT";"IT";"06:30";"07:40";120;120;"12345..";"32S";168
"XY";1568;"LIN";"CAG";"MIL";"CAG";"IT";"IT";"14:40";"16:05";120;120;".....6.";320;167
"XY";2061;"LIN";"FCO";"MIL";"ROM";"IT";"IT";"17:00";"18:10";120;120;"123456.";320;167
"XY";1727;"LIN";"CTA";"MIL";"CTA";"IT";"IT";"18:15";"20:00";120;120;"1234567";320;167
"XY";2109;"LIN";"FCO";"MIL";"ROM";"IT";"IT";"19:00";"20:10";120;120;".....6.";320;167
"XY";504;"LIN";"OTP";"MIL";"BUH";"IT";"RO";"10:40";"13:50";120;180;".....6.";"32S";168
"XY";410;"LIN";"FRA";"MIL";"FRA";"IT";"DE";"17:30";"18:50";120;120;".....6.";"E90";108
"XY";2125;"LIN";"FCO";"MIL";"ROM";"IT";"IT";"21:00";"22:10";120;120;"12345..";319;138
"XY";1647;"LIN";"BRI";"MIL";"BRI";"IT";"IT";"18:50";"20:15";120;120;"12345.7";"32S";168
"XY";2049;"LIN";"FCO";"MIL";"ROM";"IT";"IT";"14:00";"15:10";120;120;"12345..";"E90";108
"XY";300;"LIN";"CDG";"MIL";"PAR";"IT";"FR";"06:55";"08:25";120;120;"1234567";"32S";168
"XY";1195;"LIN";"REG";"MIL";"REG";"IT";"IT";"21:45";"23:25";120;120;"12345.7";320;167
"XY";2029;"LIN";"FCO";"MIL";"ROM";"IT";"IT";"09:00";"10:10";120;120;"123456.";319;138
"XY";2059;"LIN";"FCO";"MIL";"ROM";"IT";"IT";"16:00";"17:10";120;120;"12345..";"E90";108
"XY";2037;"LIN";"FCO";"MIL";"ROM";"IT";"IT";"12:00";"13:10";120;120;".....6.";"E90";108
"XY";1568;"LIN";"CAG";"MIL";"CAG";"IT";"IT";"13:40";"15:05";120;120;"12345..";320;167
"XY";356;"LIN";"ORY";"MIL";"PAR";"IT";"FR";"20:15";"21:35";120;120;"12345.7";320;167
"XY";112;"LIN";"AMS";"MIL";"AMS";"IT";"NL";"17:30";"19:25";120;120;"1234567";"32S";168
"XY";2049;"LIN";"FCO";"MIL";"ROM";"IT";"IT";"14:00";"15:10";120;120;"......7";"32S";168
"XY";201;"LHR";"FCO";"LON";"ROM";"GB";"IT";"06:45";"10:15";60;120;"12345.7";321;200
"XY";229;"LHR";"LIN";"LON";"MIL";"GB";"IT";"07:25";"10:20";60;120;"123456.";"32S";168
"XY";201;"LHR";"FCO";"LON";"ROM";"GB";"IT";"06:45";"10:15";60;120;".....6.";"32S";168
"XY";207;"LHR";"FCO";"LON";"ROM";"GB";"IT";"16:25";"19:55";60;120;"12.4567";321;200
"XY";243;"LHR";"LIN";"LON";"MIL";"GB";"IT";"18:50";"21:45";60;120;"......7";320;167
"XY";207;"LHR";"FCO";"LON";"ROM";"GB";"IT";"16:25";"19:55";60;120;"..3....";"32S";168
"XY";243;"LHR";"LIN";"LON";"MIL";"GB";"IT";"18:50";"21:45";60;120;"123456.";"32S";168
"XY";209;"LHR";"FCO";"LON";"ROM";"GB";"IT";"20:00";"23:30";60;120;"1234567";"32S";168
"XY";541;"LED";"FCO";"LED";"ROM";"RU";"IT";"18:15";"20:00";240;120;"1..4.67";"32S";168
"XY";621;"LAX";"FCO";"LAX";"ROM";"US";"IT";"16:25";"13:15";-420;120;"1234567";772;293
"XY";489;"KRK";"FCO";"KRK";"ROM";"PL";"IT";"11:20";"13:30";120;120;".2...67";319;138
"XY";793;"KIX";"FCO";"OSA";"ROM";"JP";"IT";"13:25";"19:35";540;120;"1.34.67";330;243
"XY";483;"KBP";"FCO";"IEV";"ROM";"UA";"IT";"13:45";"15:40";180;120;"123.567";319;138
"XY";609;"JFK";"FCO";"NYC";"ROM";"US";"IT";"16:45";"07:10";-240;120;"1.3.567";772;293
"XY";605;"JFK";"MXP";"NYC";"MIL";"US";"IT";"19:15";"09:25";-240;120;"1234567";330;243
"XY";609;"JFK";"FCO";"NYC";"ROM";"US";"IT";"16:35";"07:10";-240;120;".2.4...";330;243
"XY";603;"JFK";"FCO";"NYC";"ROM";"US";"IT";"16:55";"07:30";-240;120;"..34567";330;243
"XY";611;"JFK";"FCO";"NYC";"ROM";"US";"IT";"22:15";"12:40";-240;120;"1234567";772;293
"XY";703;"IST";"FCO";"IST";"ROM";"TR";"IT";"12:20";"13:55";180;120;"1234567";321;200
"XY";705;"IST";"FCO";"IST";"ROM";"TR";"IT";"18:50";"20:25";180;120;"1234567";321;200
"XY";755;"IKA";"FCO";"THR";"ROM";"IR";"IT";"03:55";"06:40";270;120;"1.3.5.7";320;167
"XY";87;"IBZ";"FCO";"IBZ";"ROM";"ES";"IT";"05:40";"07:30";120;120;"1....67";"32S";168
"XY";575;"GVA";"FCO";"GVA";"ROM";"CH";"IT";"12:10";"13:35";120;120;".2.....";319;138
"XY";575;"GVA";"FCO";"GVA";"ROM";"CH";"IT";"12:10";"13:35";120;120;"1.34567";"32S";168
"XY";577;"GVA";"FCO";"GVA";"ROM";"CH";"IT";"19:00";"20:25";120;120;"1234567";"E75";76
"XY";675;"GRU";"FCO";"SAO";"ROM";"BR";"IT";"15:05";"07:20";-180;120;"1234567";772;293
"XY";1380;"GOA";"FCO";"GOA";"ROM";"IT";"IT";"07:30";"08:30";120;120;"1234567";"32S";168
"XY";1384;"GOA";"FCO";"GOA";"ROM";"IT";"IT";"12:50";"13:50";120;120;".....6.";319;138
"XY";1384;"GOA";"FCO";"GOA";"ROM";"IT";"IT";"12:25";"13:25";120;120;"......7";"E75";76
"XY";1386;"GOA";"FCO";"GOA";"ROM";"IT";"IT";"16:50";"17:50";120;120;"..3....";"E90";108
"XY";1275;"GOA";"NAP";"GOA";"NAP";"IT";"IT";"09:15";"10:30";120;120;"123456.";"E75";76
"XY";1394;"GOA";"FCO";"GOA";"ROM";"IT";"IT";"21:25";"22:25";120;120;"12345.7";"E75";76
"XY";1388;"GOA";"FCO";"GOA";"ROM";"IT";"IT";"10:15";"11:15";120;120;"12.456.";"E90";108
"XY";1384;"GOA";"FCO";"GOA";"ROM";"IT";"IT";"12:25";"13:25";120;120;"12345..";319;138
"XY";1390;"GOA";"FCO";"GOA";"ROM";"IT";"IT";"19:50";"20:50";120;120;"12345..";"E90";108
"XY";1717;"GOA";"CTA";"GOA";"CTA";"IT";"IT";"19:00";"20:35";120;120;"1234567";"E75";76
"XY";1392;"GOA";"FCO";"GOA";"ROM";"IT";"IT";"19:00";"20:00";120;120;"12345.7";"32S";168
"XY";1388;"GOA";"FCO";"GOA";"ROM";"IT";"IT";"10:15";"11:15";120;120;"..3....";"E75";76
"XY";1386;"GOA";"FCO";"GOA";"ROM";"IT";"IT";"16:50";"17:50";120;120;"12.4567";319;138
"XY";1273;"GOA";"NAP";"GOA";"NAP";"IT";"IT";"20:00";"21:15";120;120;"12345.7";"E75";76
"XY";1392;"GOA";"FCO";"GOA";"ROM";"IT";"IT";"19:00";"20:00";120;120;".....6.";"E90";108
"XY";673;"GIG";"FCO";"RIO";"ROM";"BR";"IT";"14:55";"07:20";-180;120;"12..567";330;243
"XY";403;"FRA";"FCO";"FRA";"ROM";"DE";"IT";"11:35";"13:30";120;120;"1.3456.";319;138
"XY";407;"FRA";"FCO";"FRA";"ROM";"DE";"IT";"18:25";"20:20";120;120;"1234567";"32S";168
"XY";413;"FRA";"LIN";"FRA";"MIL";"DE";"IT";"10:00";"11:15";120;120;"12345..";"E75";76
"XY";403;"FRA";"FCO";"FRA";"ROM";"DE";"IT";"11:35";"13:30";120;120;".2....7";"32S";168
"XY";419;"FRA";"LIN";"FRA";"MIL";"DE";"IT";"19:40";"20:55";120;120;".....6.";"E90";108
"XY";419;"FRA";"LIN";"FRA";"MIL";"DE";"IT";"19:40";"20:55";120;120;"12345.7";"E75";76
"XY";1676;"FLR";"FCO";"FLR";"ROM";"IT";"IT";"08:25";"09:20";120;120;"1234567";319;138
"XY";1682;"FLR";"FCO";"FLR";"ROM";"IT";"IT";"19:05";"20:00";120;120;"1234567";319;138
"XY";1671;"FLR";"CTA";"FLR";"CTA";"IT";"IT";"15:15";"16:40";120;120;"1234567";"E75";76
"XY";1678;"FLR";"FCO";"FLR";"ROM";"IT";"IT";"12:05";"13:00";120;120;"1234567";319;138
"XY";1633;"FCO";"BDS";"ROM";"BDS";"IT";"IT";"14:45";"16:00";120;120;"1234567";321;200
"XY";1465;"FCO";"VCE";"ROM";"VCE";"IT";"IT";"18:00";"19:05";120;120;"12345.7";"E75";76
"XY";1721;"FCO";"CTA";"ROM";"CTA";"IT";"IT";"19:00";"20:15";120;120;"1234567";321;200
"XY";90;"FCO";"AGP";"ROM";"AGP";"IT";"ES";"09:50";"12:35";120;120;"...4567";319;138
"XY";1129;"FCO";"AOI";"ROM";"AOI";"IT";"IT";"14:35";"15:35";120;120;"1234567";"E75";76
"XY";1397;"FCO";"GOA";"ROM";"GOA";"IT";"IT";"08:10";"09:15";120;120;"12.456.";"E90";108
"XY";1357;"FCO";"TRS";"ROM";"TRS";"IT";"IT";"10:00";"11:15";120;120;"123.567";"E75";76
"XY";502;"FCO";"OTP";"ROM";"BUH";"IT";"RO";"15:00";"18:05";120;180;"1234567";"32S";168
"XY";124;"FCO";"CPH";"ROM";"CPH";"IT";"DK";"09:30";"12:15";120;120;".....6.";319;138
"XY";614;"FCO";"BOS";"ROM";"BOS";"IT";"US";"15:20";"18:40";120;-240;"1234567";330;243
"XY";2118;"FCO";"LIN";"ROM";"MIL";"IT";"IT";"21:00";"22:10";120;120;"1234..7";320;167
"XY";1431;"FCO";"TRN";"ROM";"TRN";"IT";"IT";"21:30";"22:50";120;120;"1234567";319;138
"XY";400;"FCO";"FRA";"ROM";"FRA";"IT";"DE";"08:30";"10:35";120;120;"1.3456.";319;138
"XY";1735;"FCO";"CTA";"ROM";"CTA";"IT";"IT";"21:40";"22:55";120;120;"1234567";321;200
"XY";64;"FCO";"MAD";"ROM";"MAD";"IT";"ES";"21:10";"23:45";120;120;".2....7";"32S";168
"XY";1397;"FCO";"GOA";"ROM";"GOA";"IT";"IT";"08:10";"09:15";120;120;"..3....";"E75";76
"XY";1131;"FCO";"AOI";"ROM";"AOI";"IT";"IT";"21:40";"22:40";120;120;"1234567";"E75";76
"XY";1028;"FCO";"MXP";"ROM";"MIL";"IT";"IT";"16:30";"17:50";120;120;"12345..";"32S";168
"XY";160;"FCO";"BRU";"ROM";"BRU";"IT";"BE";"12:30";"14:45";120;120;"1234567";"32S";168
"XY";520;"FCO";"SOF";"ROM";"SOF";"IT";"BG";"15:00";"17:45";120;180;".23.567";"32S";168
"XY";1423;"FCO";"TRN";"ROM";"TRN";"IT";"IT";"18:50";"20:10";120;120;"..3....";"E90";108
"XY";1395;"FCO";"GOA";"ROM";"GOA";"IT";"IT";"14:50";"15:55";120;120;"..3....";"E90";108
"XY";2100;"FCO";"LIN";"ROM";"MIL";"IT";"IT";"18:30";"19:40";120;120;"12345..";"32S";168
"XY";582;"FCO";"TIA";"ROM";"TIA";"IT";"AL";"15:10";"16:40";120;120;"1234567";320;167
"XY";822;"FCO";"BEY";"ROM";"BEY";"IT";"LB";"10:40";"15:00";120;180;".2..56.";"32S";168
"XY";1157;"FCO";"REG";"ROM";"REG";"IT";"IT";"14:15";"15:30";120;120;"1234567";320;167
"XY";1173;"FCO";"SUF";"ROM";"SUF";"IT";"IT";"21:10";"22:20";120;120;"1234567";"32S";168
"XY";1311;"FCO";"BLQ";"ROM";"BLQ";"IT";"IT";"09:30";"10:35";120;120;"1234567";"32S";168
"XY";1617;"FCO";"BRI";"ROM";"BRI";"IT";"IT";"10:20";"11:25";120;120;"1234567";321;200
"XY";1731;"FCO";"CTA";"ROM";"CTA";"IT";"IT";"09:25";"10:40";120;120;"1234567";321;200
"XY";1497;"FCO";"VRN";"ROM";"VRN";"IT";"IT";"21:05";"22:10";120;120;"..34.6.";319;138
"XY";494;"FCO";"OTP";"ROM";"BUH";"IT";"RO";"08:25";"11:30";120;180;"1.3456.";"32S";168
"XY";1171;"FCO";"SUF";"ROM";"SUF";"IT";"IT";"12:25";"13:35";120;120;"1234567";320;167
"XY";824;"FCO";"BEY";"ROM";"BEY";"IT";"LB";"14:45";"19:05";120;180;"1.3....";321;200
"XY";1615;"FCO";"BRI";"ROM";"BRI";"IT";"IT";"19:00";"20:05";120;120;".234567";321;200
"XY";886;"FCO";"MLA";"ROM";"MLA";"IT";"MT";"12:20";"13:50";120;120;"1234567";"32S";168
"XY";1391;"FCO";"GOA";"ROM";"GOA";"IT";"IT";"16:55";"18:00";120;120;".....6.";"E90";108
"XY";204;"FCO";"LHR";"ROM";"LON";"IT";"GB";"13:30";"15:20";120;60;"..3....";"32S";168
"XY";188;"FCO";"VIE";"ROM";"VIE";"IT";"AT";"09:50";"11:30";120;120;"12.4567";"E75";76
"XY";596;"FCO";"SVO";"ROM";"MOW";"IT";"RU";"10:55";"16:45";120;240;".2.4567";321;200
"XY";602;"FCO";"JFK";"ROM";"NYC";"IT";"US";"10:50";"14:35";120;-240;"..34567";330;243
"XY";124;"FCO";"CPH";"ROM";"CPH";"IT";"DK";"09:30";"12:15";120;120;"..34...";"32S";168
"XY";1603;"FCO";"BRI";"ROM";"BRI";"IT";"IT";"21:10";"22:15";120;120;"123.567";"32S";168
"XY";1429;"FCO";"TRN";"ROM";"TRN";"IT";"IT";"12:15";"13:35";120;120;"1234567";"E75";76
"XY";1603;"FCO";"BRI";"ROM";"BRI";"IT";"IT";"21:10";"22:15";120;120;"...4...";320;167
"XY";1681;"FCO";"FLR";"ROM";"FLR";"IT";"IT";"21:00";"22:00";120;120;"1234567";319;138
"XY";478;"FCO";"BUD";"ROM";"BUD";"IT";"HU";"14:50";"16:30";120;120;"1234567";319;138
"XY";1787;"FCO";"PMO";"ROM";"PMO";"IT";"IT";"18:00";"19:10";120;120;"1234567";319;138
"XY";558;"FCO";"TGD";"ROM";"TGD";"IT";"ME";"08:55";"10:25";120;120;".2.4.6.";"E75";76
"XY";2068;"FCO";"LIN";"ROM";"MIL";"IT";"IT";"14:00";"15:10";120;120;"12345..";"E90";108
"XY";2088;"FCO";"LIN";"ROM";"MIL";"IT";"IT";"17:30";"18:40";120;120;"12345..";319;138
"XY";1271;"FCO";"NAP";"ROM";"NAP";"IT";"IT";"19:05";"20:00";120;120;"1234567";319;138
"XY";2092;"FCO";"LIN";"ROM";"MIL";"IT";"IT";"17:00";"18:10";120;120;"12345.7";319;138
"XY";164;"FCO";"BRU";"ROM";"BRU";"IT";"BE";"21:10";"23:25";120;120;"1234567";321;200
"XY";1161;"FCO";"REG";"ROM";"REG";"IT";"IT";"21:10";"22:25";120;120;"1234567";320;167
"XY";1024;"FCO";"MXP";"ROM";"MIL";"IT";"IT";"08:20";"09:40";120;120;"1234567";319;138
"XY";1595;"FCO";"CAG";"ROM";"CAG";"IT";"IT";"18:50";"20:00";120;120;"1234567";320;167
"XY";1026;"FCO";"MXP";"ROM";"MIL";"IT";"IT";"14:30";"15:50";120;120;".....6.";319;138
"XY";156;"FCO";"BRU";"ROM";"BRU";"IT";"BE";"08:20";"10:35";120;120;"1234567";"32S";168
"XY";1749;"FCO";"CTA";"ROM";"CTA";"IT";"IT";"11:25";"12:40";120;120;"12345..";321;200
"XY";488;"FCO";"KRK";"ROM";"KRK";"IT";"PL";"08:20";"10:30";120;120;".2...67";319;138
"XY";782;"FCO";"NRT";"ROM";"TYO";"IT";"JP";"11:30";"06:40";120;540;"12.4..7";772;293
"XY";1741;"FCO";"CTA";"ROM";"CTA";"IT";"IT";"14:30";"15:45";120;120;"1234567";321;200
"XY";1417;"FCO";"TRN";"ROM";"TRN";"IT";"IT";"14:30";"15:50";120;120;"1234567";"32S";168
"XY";2012;"FCO";"LIN";"ROM";"MIL";"IT";"IT";"07:20";"08:30";120;120;"123456.";319;138
"XY";1321;"FCO";"BLQ";"ROM";"BLQ";"IT";"IT";"21:00";"22:05";120;120;"1234567";"E75";76
"XY";190;"FCO";"VIE";"ROM";"VIE";"IT";"AT";"16:30";"18:10";120;120;"1234567";"E75";76
"XY";1625;"FCO";"BDS";"ROM";"BDS";"IT";"IT";"21:20";"22:35";120;120;"1234567";321;200
"XY";2102;"FCO";"LIN";"ROM";"MIL";"IT";"IT";"18:45";"19:55";120;120;"12345..";319;138
"XY";210;"FCO";"LHR";"ROM";"LON";"IT";"GB";"21:10";"23:00";120;60;"....5..";"32S";168
"XY";1263;"FCO";"NAP";"ROM";"NAP";"IT";"IT";"10:20";"11:15";120;120;"1234567";319;138
"XY";1751;"FCO";"CTA";"ROM";"CTA";"IT";"IT";"17:55";"19:10";120;120;".....67";"32S";168
"XY";1317;"FCO";"BLQ";"ROM";"BLQ";"IT";"IT";"14:35";"15:40";120;120;"1234567";"E75";76
"XY";2130;"FCO";"LIN";"ROM";"MIL";"IT";"IT";"21:30";"22:40";120;120;".....6.";319;138
"XY";2026;"FCO";"LIN";"ROM";"MIL";"IT";"IT";"08:30";"09:40";120;120;"12345..";"32S";168
"XY";2028;"FCO";"LIN";"ROM";"MIL";"IT";"IT";"09:00";"10:10";120;120;"12345..";319;138
"XY";1675;"FCO";"FLR";"ROM";"FLR";"IT";"IT";"10:10";"11:10";120;120;"1234567";319;138
"XY";2038;"FCO";"LIN";"ROM";"MIL";"IT";"IT";"13:15";"14:25";120;120;"......7";"E90";108
"XY";1739;"FCO";"CTA";"ROM";"CTA";"IT";"IT";"10:10";"11:25";120;120;"1234567";321;200
"XY";820;"FCO";"AMM";"ROM";"AMM";"IT";"JO";"14:45";"19:15";120;180;"1..4...";"32S";168
"XY";1267;"FCO";"NAP";"ROM";"NAP";"IT";"IT";"21:10";"22:05";120;120;"1234567";"E75";76
"XY";1026;"FCO";"MXP";"ROM";"MIL";"IT";"IT";"14:30";"15:50";120;120;"12345.7";320;167
"XY";1363;"FCO";"TRS";"ROM";"TRS";"IT";"IT";"21:00";"22:15";120;120;"1234567";319;138
"XY";1479;"FCO";"VCE";"ROM";"VCE";"IT";"IT";"14:30";"15:35";120;120;".....6.";319;138
"XY";432;"FCO";"MUC";"ROM";"MUC";"IT";"DE";"08:30";"10:05";120;120;"1234567";319;138
"XY";436;"FCO";"MUC";"ROM";"MUC";"IT";"DE";"14:30";"16:05";120;120;"1234567";319;138
"XY";2014;"FCO";"LIN";"ROM";"MIL";"IT";"IT";"07:40";"08:50";120;120;"12345..";319;138
"XY";60;"FCO";"MAD";"ROM";"MAD";"IT";"ES";"14:20";"16:55";120;120;"1234567";"32S";168
"XY";1383;"FCO";"GOA";"ROM";"GOA";"IT";"IT";"10:20";"11:25";120;120;"12345..";319;138
"XY";1355;"FCO";"TRS";"ROM";"TRS";"IT";"IT";"08:00";"09:15";120;120;"1234567";"E75";76
"XY";716;"FCO";"ATH";"ROM";"ATH";"IT";"GR";"10:20";"13:15";120;180;"1234567";"32S";168
"XY";548;"FCO";"SVO";"ROM";"MOW";"IT";"RU";"08:05";"13:55";120;240;"1234567";"32S";168
"XY";90;"FCO";"AGP";"ROM";"AGP";"IT";"ES";"09:50";"12:35";120;120;"12.....";"32S";168
"XY";1391;"FCO";"GOA";"ROM";"GOA";"IT";"IT";"16:55";"18:00";120;120;"12345.7";"32S";168
"XY";2058;"FCO";"LIN";"ROM";"MIL";"IT";"IT";"20:30";"21:40";120;120;"....5..";320;167
"XY";1781;"FCO";"PMO";"ROM";"PMO";"IT";"IT";"12:30";"13:40";120;120;".2.45..";"32S";168
"XY";2016;"FCO";"LIN";"ROM";"MIL";"IT";"IT";"08:00";"09:10";120;120;"12345..";320;167
"XY";1435;"FCO";"TRN";"ROM";"TRN";"IT";"IT";"16:30";"17:50";120;120;"1234.67";"32S";168
"XY";88;"FCO";"PMI";"ROM";"PMI";"IT";"ES";"08:20";"10:10";120;120;".....67";"32S";168
"XY";1389;"FCO";"GOA";"ROM";"GOA";"IT";"IT";"21:10";"22:15";120;120;"1234567";"32S";168
"XY";574;"FCO";"ZRH";"ROM";"ZRH";"IT";"CH";"14:35";"16:15";120;120;"1234567";"E75";76
"XY";1493;"FCO";"VRN";"ROM";"VRN";"IT";"IT";"16:30";"17:35";120;120;"..3....";319;138
"XY";110;"FCO";"AMS";"ROM";"AMS";"IT";"NL";"10:00";"12:35";120;120;"1234567";321;200
"XY";576;"FCO";"GVA";"ROM";"GVA";"IT";"CH";"09:45";"11:20";120;120;".2.....";319;138
"XY";92;"FCO";"AGP";"ROM";"AGP";"IT";"ES";"21:30";"00:15";120;120;"..3....";"32S";168
"XY";1719;"FCO";"CTA";"ROM";"CTA";"IT";"IT";"21:10";"22:25";120;120;"12345.7";"32S";168
"XY";572;"FCO";"ZRH";"ROM";"ZRH";"IT";"CH";"10:00";"11:40";120;120;"1.3456.";"E75";76
"XY";580;"FCO";"TIA";"ROM";"TIA";"IT";"AL";"08:20";"09:50";120;120;"123.567";319;138
"XY";1421;"FCO";"TRN";"ROM";"TRN";"IT";"IT";"08:20";"09:40";120;120;"12345..";"32S";168
"XY";1421;"FCO";"TRN";"ROM";"TRN";"IT";"IT";"08:20";"09:40";120;120;".....6.";319;138
"XY";798;"FCO";"ORN";"ROM";"ORN";"IT";"DZ";"09:10";"10:35";120;60;".2.4...";319;138
"XY";476;"FCO";"BUD";"ROM";"BUD";"IT";"HU";"21:40";"23:20";120;120;"1.3456.";319;138
"XY";2080;"FCO";"LIN";"ROM";"MIL";"IT";"IT";"16:00";"17:10";120;120;"12345..";"E90";108
"XY";578;"FCO";"GVA";"ROM";"GVA";"IT";"CH";"16:45";"18:20";120;120;"1234567";"E75";76
"XY";1491;"FCO";"VRN";"ROM";"VRN";"IT";"IT";"14:30";"15:35";120;120;"1234567";"E75";76
"XY";1427;"FCO";"TRN";"ROM";"TRN";"IT";"IT";"21:00";"22:20";120;120;"12345.7";"32S";168
"XY";2100;"FCO";"LIN";"ROM";"MIL";"IT";"IT";"18:30";"19:40";120;120;"......7";320;167
"XY";718;"FCO";"ATH";"ROM";"ATH";"IT";"GR";"14:50";"17:45";120;180;"1234567";321;200
"XY";2108;"FCO";"LIN";"ROM";"MIL";"IT";"IT";"19:30";"20:40";120;120;"12345.7";319;138
"XY";810;"FCO";"TLV";"ROM";"TLV";"IT";"IL";"21:25";"01:45";120;180;"1234567";321;200
"XY";1423;"FCO";"TRN";"ROM";"TRN";"IT";"IT";"18:50";"20:10";120;120;"12.4567";319;138
"XY";1745;"FCO";"CTA";"ROM";"CTA";"IT";"IT";"13:00";"14:15";120;120;"1234567";"32S";168
"XY";1435;"FCO";"TRN";"ROM";"TRN";"IT";"IT";"16:30";"17:50";120;120;"....5..";319;138
"XY";1155;"FCO";"REG";"ROM";"REG";"IT";"IT";"10:10";"11:25";120;120;"1234567";320;167
"XY";1463;"FCO";"VCE";"ROM";"VCE";"IT";"IT";"10:10";"11:15";120;120;"1234567";"32S";168
"XY";2114;"FCO";"LIN";"ROM";"MIL";"IT";"IT";"20:00";"21:10";120;120;".....6.";"E90";108
"XY";2114;"FCO";"LIN";"ROM";"MIL";"IT";"IT";"20:00";"21:10";120;120;"......7";319;138
"XY";74;"FCO";"BCN";"ROM";"BCN";"IT";"ES";"08:30";"10:20";120;120;"1234567";"32S";168
"XY";1387;"FCO";"GOA";"ROM";"GOA";"IT";"IT";"18:00";"19:05";120;120;"12345..";"E90";108
"XY";608;"FCO";"JFK";"ROM";"NYC";"IT";"US";"10:20";"14:05";120;-240;".2.4...";330;243
"XY";1163;"FCO";"SUF";"ROM";"SUF";"IT";"IT";"16:40";"17:50";120;120;"12345.7";"32S";168
"XY";732;"FCO";"SKG";"ROM";"SKG";"IT";"GR";"21:35";"00:20";120;180;"1234567";"E90";108
"XY";1471;"FCO";"VCE";"ROM";"VCE";"IT";"IT";"08:10";"09:15";120;120;"123456.";"E75";76
"XY";1165;"FCO";"SUF";"ROM";"SUF";"IT";"IT";"10:20";"11:30";120;120;"1234567";321;200
"XY";1167;"FCO";"SUF";"ROM";"SUF";"IT";"IT";"14:45";"15:55";120;120;"1......";"32S";168
"XY";1167;"FCO";"SUF";"ROM";"SUF";"IT";"IT";"14:45";"15:55";120;120;".234567";321;200
"XY";628;"FCO";"ORD";"ROM";"CHI";"IT";"US";"15:20";"19:00";120;-300;"12..567";332;239
"XY";1361;"FCO";"TRS";"ROM";"TRS";"IT";"IT";"14:50";"16:05";120;120;"1234567";319;138
"XY";1475;"FCO";"VCE";"ROM";"VCE";"IT";"IT";"12:30";"13:35";120;120;"......7";"32S";168
"XY";680;"FCO";"EZE";"ROM";"BUE";"IT";"AR";"22:50";"07:45";120;-180;"1234567";772;293
"XY";1479;"FCO";"VCE";"ROM";"VCE";"IT";"IT";"14:30";"15:35";120;120;"12345.7";"32S";168
"XY";686;"FCO";"CCS";"ROM";"CCS";"IT";"VE";"10:30";"14:55";120;-270;"1234567";330;243
"XY";1481;"FCO";"VCE";"ROM";"VCE";"IT";"IT";"20:40";"21:45";120;120;"12345.7";"E75";76
"XY";1028;"FCO";"MXP";"ROM";"MIL";"IT";"IT";"16:30";"17:50";120;120;".....67";319;138
"XY";176;"FCO";"ESB";"ROM";"ANK";"IT";"TR";"21:30";"01:20";120;180;"1.3.5..";"32S";168
"XY";1781;"FCO";"PMO";"ROM";"PMO";"IT";"IT";"12:30";"13:40";120;120;"......7";319;138
"XY";1613;"FCO";"BRI";"ROM";"BRI";"IT";"IT";"20:00";"21:05";120;120;"1234567";319;138
"XY";864;"FCO";"TUN";"ROM";"TUN";"IT";"TN";"10:10";"10:30";120;60;"1234567";319;138
"XY";318;"FCO";"CDG";"ROM";"PAR";"IT";"FR";"10:00";"12:10";120;120;"1234567";"32S";168
"XY";1783;"FCO";"PMO";"ROM";"PMO";"IT";"IT";"21:30";"22:40";120;120;".2.....";"32S";168
"XY";868;"FCO";"TIP";"ROM";"TIP";"IT";"LY";"08:10";"10:05";120;120;"1234567";319;138
"XY";82;"FCO";"VLC";"ROM";"VLC";"IT";"ES";"14:30";"16:35";120;120;"1234.67";319;138
"XY";1751;"FCO";"CTA";"ROM";"CTA";"IT";"IT";"17:55";"19:10";120;120;"12345..";"E75";76
"XY";326;"FCO";"CDG";"ROM";"PAR";"IT";"FR";"18:50";"21:00";120;120;".....6.";320;167
"XY";1497;"FCO";"VRN";"ROM";"VRN";"IT";"IT";"21:05";"22:10";120;120;"12..5.7";320;167
"XY";720;"FCO";"ATH";"ROM";"ATH";"IT";"GR";"08:10";"11:05";120;180;".....6.";319;138
"XY";720;"FCO";"ATH";"ROM";"ATH";"IT";"GR";"08:10";"11:05";120;180;"......7";"32S";168
"XY";1563;"FCO";"CAG";"ROM";"CAG";"IT";"IT";"12:30";"13:40";120;120;"1234567";319;138
"XY";722;"FCO";"ATH";"ROM";"ATH";"IT";"GR";"21:20";"00:15";120;180;"1234567";321;200
"XY";814;"FCO";"TLV";"ROM";"TLV";"IT";"IL";"22:15";"02:35";120;180;".....6.";"32S";168
"XY";1483;"FCO";"VCE";"ROM";"VCE";"IT";"IT";"21:20";"22:25";120;120;"1234567";"E75";76
"XY";132;"FCO";"AMS";"ROM";"AMS";"IT";"NL";"14:20";"16:55";120;120;"1234567";"32S";168
"XY";1395;"FCO";"GOA";"ROM";"GOA";"IT";"IT";"14:50";"15:55";120;120;"12.4567";319;138
"XY";1795;"FCO";"PMO";"ROM";"PMO";"IT";"IT";"19:00";"20:10";120;120;"1234567";"32S";168
"XY";1163;"FCO";"SUF";"ROM";"SUF";"IT";"IT";"16:40";"17:50";120;120;".....6.";319;138
"XY";734;"FCO";"SKG";"ROM";"SKG";"IT";"GR";"09:00";"11:45";120;180;"1234567";"E90";108
"XY";756;"FCO";"IKA";"ROM";"THR";"IT";"IR";"19:30";"02:50";120;270;".2.4.67";320;167
"XY";398;"FCO";"MPL";"ROM";"MPL";"IT";"FR";"08:30";"10:05";120;120;"..3...7";"E90";108
"XY";1799;"FCO";"PMO";"ROM";"PMO";"IT";"IT";"14:55";"16:05";120;120;"123456.";319;138
"XY";1413;"FCO";"TRN";"ROM";"TRN";"IT";"IT";"10:10";"11:30";120;120;"1234567";"32S";168
"XY";784;"FCO";"NRT";"ROM";"TYO";"IT";"JP";"15:15";"10:25";120;540;"1.34567";772;293
"XY";1831;"FCO";"LMP";"ROM";"LMP";"IT";"IT";"08:00";"09:25";120;120;".....67";320;167
"XY";1607;"FCO";"BRI";"ROM";"BRI";"IT";"IT";"17:00";"18:05";120;120;".....6.";319;138
"XY";2090;"FCO";"LIN";"ROM";"MIL";"IT";"IT";"16:30";"17:40";120;120;"12345..";"32S";168
"XY";1840;"FCO";"PNL";"ROM";"PNL";"IT";"IT";"10:00";"11:15";120;120;".....67";320;167
"XY";1383;"FCO";"GOA";"ROM";"GOA";"IT";"IT";"10:20";"11:25";120;120;"......7";"E75";76
"XY";1127;"FCO";"AOI";"ROM";"AOI";"IT";"IT";"10:10";"11:10";120;120;"123456.";"E75";76
"XY";316;"FCO";"CDG";"ROM";"PAR";"IT";"FR";"08:20";"10:30";120;120;"1234567";321;200
"XY";1615;"FCO";"BRI";"ROM";"BRI";"IT";"IT";"19:00";"20:05";120;120;"1......";"32S";168
"XY";802;"FCO";"ALG";"ROM";"ALG";"IT";"DZ";"21:20";"22:20";120;60;"1234567";319;138
"XY";1385;"FCO";"GOA";"ROM";"GOA";"IT";"IT";"19:05";"20:10";120;120;"12345.7";"E75";76
"XY";808;"FCO";"TLV";"ROM";"TLV";"IT";"IL";"10:55";"15:15";120;180;"1234567";321;200
"XY";326;"FCO";"CDG";"ROM";"PAR";"IT";"FR";"18:50";"21:00";120;120;"12345.7";"32S";168
"XY";1619;"FCO";"BDS";"ROM";"BDS";"IT";"IT";"10:10";"11:25";120;120;"1234567";"32S";168
"XY";1709;"FCO";"CTA";"ROM";"CTA";"IT";"IT";"08:10";"09:25";120;120;"1.3..6.";321;200
"XY";2016;"FCO";"LIN";"ROM";"MIL";"IT";"IT";"08:00";"09:10";120;120;".....6.";319;138
"XY";1623;"FCO";"BDS";"ROM";"BDS";"IT";"IT";"16:50";"18:05";120;120;"1234567";321;200
"XY";482;"FCO";"KBP";"ROM";"IEV";"IT";"UA";"09:05";"12:55";120;180;"123.567";319;138
"XY";814;"FCO";"TLV";"ROM";"TLV";"IT";"IL";"22:15";"02:35";120;180;"...4...";321;200
"XY";1759;"FCO";"CTA";"ROM";"CTA";"IT";"IT";"20:20";"21:35";120;120;"1234567";"32S";168
"XY";620;"FCO";"LAX";"ROM";"LAX";"IT";"US";"10:20";"14:25";120;-420;"1234567";772;293
"XY";1030;"FCO";"MXP";"ROM";"MIL";"IT";"IT";"21:00";"22:20";120;120;"1234567";319;138
"XY";818;"FCO";"AMM";"ROM";"AMM";"IT";"JO";"22:30";"03:00";120;180;"..3..6.";"32S";168
"XY";56;"FCO";"BIO";"ROM";"BIO";"IT";"ES";"09:40";"12:05";120;120;"......7";320;167
"XY";2044;"FCO";"LIN";"ROM";"MIL";"IT";"IT";"15:00";"16:10";120;120;"12345..";319;138
"XY";630;"FCO";"MIA";"ROM";"MIA";"IT";"US";"10:30";"15:35";120;-240;"1234567";330;243
"XY";58;"FCO";"MAD";"ROM";"MAD";"IT";"ES";"08:05";"10:40";120;120;"1234567";"32S";168
"XY";366;"FCO";"TLS";"ROM";"TLS";"IT";"FR";"11:45";"13:35";120;120;"12345.7";"E75";76
"XY";1663;"FCO";"PSA";"ROM";"PSA";"IT";"IT";"08:45";"09:40";120;120;"1234567";"E75";76
"XY";2030;"FCO";"LIN";"ROM";"MIL";"IT";"IT";"09:30";"10:40";120;120;"123456.";"32S";168
"XY";1605;"FCO";"BRI";"ROM";"BRI";"IT";"IT";"14:45";"15:50";120;120;"1234567";"32S";168
"XY";1669;"FCO";"PSA";"ROM";"PSA";"IT";"IT";"14:50";"15:45";120;120;"1234567";"E75";76
"XY";64;"FCO";"MAD";"ROM";"MAD";"IT";"ES";"21:10";"23:45";120;120;"1.3456.";321;200
"XY";844;"FCO";"LOS";"ROM";"LOS";"IT";"NG";"15:00";"19:45";120;60;"1.3..6.";330;243
"XY";70;"FCO";"BCN";"ROM";"BCN";"IT";"ES";"14:35";"16:25";120;120;"1234567";321;200
"XY";1673;"FCO";"PSA";"ROM";"PSA";"IT";"IT";"21:10";"22:05";120;120;"1234567";"E75";76
"XY";852;"FCO";"AUH";"ROM";"AUH";"IT";"AE";"21:45";"05:35";120;240;".....67";330;243
"XY";72;"FCO";"BCN";"ROM";"BCN";"IT";"ES";"16:40";"18:30";120;120;"1234567";"32S";168
"XY";1677;"FCO";"FLR";"ROM";"FLR";"IT";"IT";"14:30";"15:30";120;120;"1234567";319;138
"XY";540;"FCO";"LED";"ROM";"LED";"IT";"RU";"10:40";"16:25";120;240;"1..4.67";"32S";168
"XY";800;"FCO";"ALG";"ROM";"ALG";"IT";"DZ";"13:05";"14:05";120;60;".....6.";320;167
"XY";1709;"FCO";"CTA";"ROM";"CTA";"IT";"IT";"08:10";"09:25";120;120;".2.45..";"32S";168
"XY";78;"FCO";"BCN";"ROM";"BCN";"IT";"ES";"21:10";"23:00";120;120;"1.34567";"32S";168
"XY";1493;"FCO";"VRN";"ROM";"VRN";"IT";"IT";"16:30";"17:35";120;120;"12.4567";"E90";108
"XY";108;"FCO";"AMS";"ROM";"AMS";"IT";"NL";"08:00";"10:35";120;120;"1234567";321;200
"XY";870;"FCO";"TIP";"ROM";"TIP";"IT";"LY";"14:50";"16:45";120;120;"1234567";319;138
"XY";1777;"FCO";"PMO";"ROM";"PMO";"IT";"IT";"08:10";"09:20";120;120;"1..4...";319;138
"XY";86;"FCO";"IBZ";"ROM";"IBZ";"IT";"ES";"21:30";"23:25";120;120;"....567";"32S";168
"XY";1785;"FCO";"PMO";"ROM";"PMO";"IT";"IT";"09:00";"10:10";120;120;"..3....";"32S";168
"XY";876;"FCO";"CMN";"ROM";"CAS";"IT";"MA";"12:40";"15:05";120;60;"1234567";"32S";168
"XY";2056;"FCO";"LIN";"ROM";"MIL";"IT";"IT";"19:00";"20:10";120;120;"1234567";319;138
"XY";2058;"FCO";"LIN";"ROM";"MIL";"IT";"IT";"20:30";"21:40";120;120;"1234..7";319;138
"XY";1609;"FCO";"BRI";"ROM";"BRI";"IT";"IT";"08:30";"09:35";120;120;".....6.";320;167
"XY";1159;"FCO";"REG";"ROM";"REG";"IT";"IT";"16:50";"18:05";120;120;"1234567";320;167
"XY";56;"FCO";"BIO";"ROM";"BIO";"IT";"ES";"09:40";"12:05";120;120;"..3....";"32S";168
"XY";896;"FCO";"CAI";"ROM";"CAI";"IT";"EG";"14:45";"18:05";120;120;"1234567";"32S";168
"XY";400;"FCO";"FRA";"ROM";"FRA";"IT";"DE";"08:30";"10:35";120;120;".2....7";"32S";168
"XY";1801;"FCO";"TPS";"ROM";"TPS";"IT";"IT";"13:55";"15:10";120;120;".....67";319;138
"XY";2044;"FCO";"LIN";"ROM";"MIL";"IT";"IT";"15:00";"16:10";120;120;".....6.";"E90";108
"XY";1016;"FCO";"MXP";"ROM";"MIL";"IT";"IT";"12:05";"13:25";120;120;"1234567";321;200
"XY";1357;"FCO";"TRS";"ROM";"TRS";"IT";"IT";"10:00";"11:15";120;120;"...4...";319;138
"XY";210;"FCO";"LHR";"ROM";"LON";"IT";"GB";"21:10";"23:00";120;60;"1234.67";321;200
"XY";672;"FCO";"GIG";"ROM";"RIO";"IT";"BR";"22:40";"05:40";120;-180;"1..4567";330;243
"XY";576;"FCO";"GVA";"ROM";"GVA";"IT";"CH";"09:45";"11:20";120;120;"1.34567";"32S";168
"XY";594;"FCO";"BEG";"ROM";"BEG";"IT";"RS";"14:50";"16:25";120;120;"1234567";"E75";76
"XY";2010;"FCO";"LIN";"ROM";"MIL";"IT";"IT";"07:00";"08:10";120;120;"12345..";"32S";168
"XY";1733;"FCO";"CTA";"ROM";"CTA";"IT";"IT";"16:50";"18:05";120;120;"1234567";321;200
"XY";1607;"FCO";"BRI";"ROM";"BRI";"IT";"IT";"17:00";"18:05";120;120;"12345.7";320;167
"XY";2088;"FCO";"LIN";"ROM";"MIL";"IT";"IT";"17:30";"18:40";120;120;".....67";"32S";168
"XY";1609;"FCO";"BRI";"ROM";"BRI";"IT";"IT";"08:30";"09:35";120;120;"12345.7";319;138
"XY";702;"FCO";"IST";"ROM";"IST";"IT";"TR";"14:35";"18:00";120;180;"1234567";321;200
"XY";592;"FCO";"BEG";"ROM";"BEG";"IT";"RS";"09:45";"11:20";120;120;"1234567";"E75";76
"XY";608;"FCO";"JFK";"ROM";"NYC";"IT";"US";"10:20";"13:55";120;-240;"1.3.567";772;293
"XY";2050;"FCO";"LIN";"ROM";"MIL";"IT";"IT";"18:00";"19:10";120;120;"1234567";319;138
"XY";2112;"FCO";"LIN";"ROM";"MIL";"IT";"IT";"18:15";"19:25";120;120;"12345..";320;167
"XY";866;"FCO";"TUN";"ROM";"TUN";"IT";"TN";"16:25";"16:45";120;60;"1234567";"32S";168
"XY";1783;"FCO";"PMO";"ROM";"PMO";"IT";"IT";"21:30";"22:40";120;120;"1.34567";321;200
"XY";2028;"FCO";"LIN";"ROM";"MIL";"IT";"IT";"09:00";"10:10";120;120;"......7";"E90";108
"XY";1749;"FCO";"CTA";"ROM";"CTA";"IT";"IT";"12:05";"13:20";120;120;".....67";"32S";168
"XY";2020;"FCO";"LIN";"ROM";"MIL";"IT";"IT";"08:15";"09:25";120;120;"12345..";"32S";168
"XY";204;"FCO";"LHR";"ROM";"LON";"IT";"GB";"13:30";"15:20";120;60;"12.4567";321;200
"XY";1769;"FCO";"PMO";"ROM";"PMO";"IT";"IT";"17:00";"18:10";120;120;"1.3....";321;200
"XY";1769;"FCO";"PMO";"ROM";"PMO";"IT";"IT";"17:00";"18:10";120;120;".2.4567";"32S";168
"XY";610;"FCO";"JFK";"ROM";"NYC";"IT";"US";"14:45";"18:20";120;-240;"1234567";772;293
"XY";1753;"FCO";"CTA";"ROM";"CTA";"IT";"IT";"15:30";"16:45";120;120;"1234567";"32S";168
"XY";332;"FCO";"CDG";"ROM";"PAR";"IT";"FR";"21:10";"23:20";120;120;"1234567";321;200
"XY";650;"FCO";"YYZ";"ROM";"YTO";"IT";"CA";"15:20";"19:15";120;-240;"1234567";332;239
"XY";1359;"FCO";"TRS";"ROM";"TRS";"IT";"IT";"18:25";"19:40";120;120;"12345.7";319;138
"XY";2038;"FCO";"LIN";"ROM";"MIL";"IT";"IT";"13:00";"14:10";120;120;"12345..";"E75";76
"XY";826;"FCO";"BEY";"ROM";"BEY";"IT";"LB";"21:50";"02:10";120;180;".2.4.67";"32S";168
"XY";1475;"FCO";"VCE";"ROM";"VCE";"IT";"IT";"12:30";"13:35";120;120;"12.456.";"E90";108
"XY";1169;"FCO";"SUF";"ROM";"SUF";"IT";"IT";"08:00";"09:10";120;120;"1234567";321;200
"XY";1779;"FCO";"PMO";"ROM";"PMO";"IT";"IT";"11:10";"12:20";120;120;"12.456.";"32S";168
"XY";208;"FCO";"LHR";"ROM";"LON";"IT";"GB";"17:20";"19:10";120;60;"1234567";"32S";168
"XY";1779;"FCO";"PMO";"ROM";"PMO";"IT";"IT";"11:10";"12:20";120;120;"......7";321;200
"XY";404;"FCO";"FRA";"ROM";"FRA";"IT";"DE";"14:30";"16:35";120;120;"1234567";"32S";168
"XY";324;"FCO";"CDG";"ROM";"PAR";"IT";"FR";"14:20";"16:30";120;120;"1234567";321;200
"XY";1489;"FCO";"VRN";"ROM";"VRN";"IT";"IT";"10:05";"11:10";120;120;"1234567";319;138
"XY";1781;"FCO";"PMO";"ROM";"PMO";"IT";"IT";"12:30";"13:40";120;120;"1.3..6.";321;200
"XY";546;"FCO";"SVO";"ROM";"MOW";"IT";"RU";"19:10";"01:00";120;240;"1234567";321;200
"XY";556;"FCO";"EVN";"ROM";"EVN";"IT";"AM";"22:15";"04:10";120;240;".2..5.7";"32S";168
"XY";1779;"FCO";"PMO";"ROM";"PMO";"IT";"IT";"11:10";"12:20";120;120;"..3....";320;167
"XY";2044;"FCO";"LIN";"ROM";"MIL";"IT";"IT";"15:00";"16:10";120;120;"......7";"E75";76
"XY";1797;"FCO";"PMO";"ROM";"PMO";"IT";"IT";"10:20";"11:30";120;120;"1234567";321;200
"XY";512;"FCO";"PRG";"ROM";"PRG";"IT";"CZ";"13:45";"15:35";120;120;"..3..6.";"32S";168
"XY";1789;"FCO";"PMO";"ROM";"PMO";"IT";"IT";"21:10";"22:20";120;120;"1234567";319;138
"XY";1785;"FCO";"PMO";"ROM";"PMO";"IT";"IT";"09:00";"10:10";120;120;"12.4567";321;200
"XY";720;"FCO";"ATH";"ROM";"ATH";"IT";"GR";"08:10";"11:05";120;180;"12345..";320;167
"XY";494;"FCO";"OTP";"ROM";"BUH";"IT";"RO";"08:25";"11:30";120;180;"......7";320;167
"XY";812;"FCO";"TLV";"ROM";"TLV";"IT";"IL";"14:45";"19:05";120;180;"1234567";321;200
"XY";330;"FCO";"CDG";"ROM";"PAR";"IT";"FR";"16:40";"18:50";120;120;"1234567";321;200
"XY";510;"FCO";"TIA";"ROM";"TIA";"IT";"AL";"21:20";"22:50";120;120;"1234.67";"32S";168
"XY";78;"FCO";"BCN";"ROM";"BCN";"IT";"ES";"21:10";"23:00";120;120;".2.....";321;200
"XY";824;"FCO";"BEY";"ROM";"BEY";"IT";"LB";"14:45";"19:05";120;180;"....5..";"32S";168
"XY";92;"FCO";"AGP";"ROM";"AGP";"IT";"ES";"21:30";"00:15";120;120;".2...6.";319;138
"XY";354;"FCO";"NCE";"ROM";"NCE";"IT";"FR";"16:25";"17:40";120;120;"1234567";319;138
"XY";2034;"FCO";"LIN";"ROM";"MIL";"IT";"IT";"12:00";"13:10";120;120;"......7";319;138
"XY";2036;"FCO";"LIN";"ROM";"MIL";"IT";"IT";"10:00";"11:10";120;120;"12345..";319;138
"XY";1269;"FCO";"NAP";"ROM";"NAP";"IT";"IT";"14:55";"15:50";120;120;"1234567";319;138
"XY";2036;"FCO";"LIN";"ROM";"MIL";"IT";"IT";"10:00";"11:10";120;120;"......7";"E90";108
"XY";2114;"FCO";"LIN";"ROM";"MIL";"IT";"IT";"20:00";"21:10";120;120;"12345..";320;167
"XY";792;"FCO";"KIX";"ROM";"OSA";"IT";"JP";"15:55";"11:10";120;540;".23.567";330;243
"XY";550;"FCO";"TBS";"ROM";"TBS";"IT";"GE";"21:35";"03:35";120;240;"1.3..6.";320;167
"XY";1799;"FCO";"PMO";"ROM";"PMO";"IT";"IT";"14:55";"16:05";120;120;"......7";320;167
"XY";800;"FCO";"ALG";"ROM";"ALG";"IT";"DZ";"13:05";"14:05";120;60;"12345.7";319;138
"XY";1383;"FCO";"GOA";"ROM";"GOA";"IT";"IT";"11:00";"12:05";120;120;".....6.";319;138
"XY";1475;"FCO";"VCE";"ROM";"VCE";"IT";"IT";"12:30";"13:35";120;120;"..3....";319;138
"XY";730;"FCO";"RHO";"ROM";"RHO";"IT";"GR";"14:20";"17:40";120;180;".....67";"32S";168
"XY";1467;"FCO";"VCE";"ROM";"VCE";"IT";"IT";"16:40";"17:45";120;120;"1234567";319;138
"XY";348;"FCO";"NCE";"ROM";"NCE";"IT";"FR";"08:10";"09:25";120;120;"1234567";"32S";168
"XY";2130;"FCO";"LIN";"ROM";"MIL";"IT";"IT";"21:30";"22:40";120;120;"12345.7";"32S";168
"XY";552;"FCO";"SVX";"ROM";"SVX";"IT";"RU";"20:00";"05:25";120;360;".2.4.6.";"32S";168
"XY";674;"FCO";"GRU";"ROM";"SAO";"IT";"BR";"22:40";"05:40";120;-180;"1234567";772;293
"XY";704;"FCO";"IST";"ROM";"IST";"IT";"TR";"08:05";"11:30";120;180;"1234567";321;200
"XY";1777;"FCO";"PMO";"ROM";"PMO";"IT";"IT";"08:10";"09:20";120;120;".23.567";"32S";168
"XY";2118;"FCO";"LIN";"ROM";"MIL";"IT";"IT";"21:00";"22:10";120;120;"....5..";"32S";168
"XY";2022;"FCO";"LIN";"ROM";"MIL";"IT";"IT";"08:45";"09:55";120;120;"12345..";319;138
"XY";874;"FCO";"CMN";"ROM";"CAS";"IT";"MA";"09:25";"11:50";120;60;"1.3.5.7";319;138
"XY";854;"FCO";"AUH";"ROM";"AUH";"IT";"AE";"11:15";"19:05";120;240;"..3.5..";330;243
"XY";490;"FCO";"WAW";"ROM";"WAW";"IT";"PL";"10:00";"12:30";120;120;"1234567";"32S";168
"XY";2032;"FCO";"LIN";"ROM";"MIL";"IT";"IT";"11:00";"12:10";120;120;"12345..";319;138
"XY";894;"FCO";"CAI";"ROM";"CAI";"IT";"EG";"22:00";"01:20";120;120;"1234567";"32S";168
"XY";2038;"FCO";"LIN";"ROM";"MIL";"IT";"IT";"13:15";"14:25";120;120;".....6.";"E75";76
"XY";681;"EZE";"FCO";"BUE";"ROM";"AR";"IT";"13:20";"07:20";-180;120;"1234567";772;293
"XY";557;"EVN";"FCO";"EVN";"ROM";"AM";"IT";"05:00";"07:25";240;120;"1.3..6.";"32S";168
"XY";177;"ESB";"FCO";"ANK";"ROM";"TR";"IT";"04:35";"06:40";180;120;".2.4.6.";"32S";168
"XY";1722;"CTA";"FCO";"CTA";"ROM";"IT";"IT";"06:10";"07:30";120;120;"1234567";"32S";168
"XY";1345;"CTA";"BLQ";"CTA";"BLQ";"IT";"IT";"06:55";"08:35";120;120;"1234567";319;138
"XY";1750;"CTA";"FCO";"CTA";"ROM";"IT";"IT";"18:55";"20:15";120;120;"1234567";321;200
"XY";1726;"CTA";"FCO";"CTA";"ROM";"IT";"IT";"15:10";"16:30";120;120;"1234567";"32S";168
"XY";1708;"CTA";"NAP";"CTA";"NAP";"IT";"IT";"08:30";"09:30";120;120;"123456.";"E75";76
"XY";1714;"CTA";"LIN";"CTA";"MIL";"IT";"IT";"12:30";"14:20";120;120;"1234567";319;138
"XY";1367;"CTA";"TRS";"CTA";"TRS";"IT";"IT";"17:25";"19:05";120;120;"1234567";"E75";76
"XY";1738;"CTA";"FCO";"CTA";"ROM";"IT";"IT";"14:05";"15:25";120;120;".....67";"32S";168
"XY";1738;"CTA";"FCO";"CTA";"ROM";"IT";"IT";"13:30";"14:50";120;120;"12345..";321;200
"XY";1724;"CTA";"FCO";"CTA";"ROM";"IT";"IT";"11:30";"12:50";120;120;"1234567";321;200
"XY";1706;"CTA";"NAP";"CTA";"NAP";"IT";"IT";"21:15";"22:15";120;120;"1234567";"E75";76
"XY";1756;"CTA";"FCO";"CTA";"ROM";"IT";"IT";"12:15";"13:35";120;120;"1234567";321;200
"XY";1716;"CTA";"GOA";"CTA";"GOA";"IT";"IT";"16:35";"18:20";120;120;"1234567";"E75";76
"XY";1710;"CTA";"FCO";"CTA";"ROM";"IT";"IT";"10:15";"11:35";120;120;".2.45..";"32S";168
"XY";1343;"CTA";"BLQ";"CTA";"BLQ";"IT";"IT";"17:40";"19:20";120;120;"1234567";319;138
"XY";1712;"CTA";"FCO";"CTA";"ROM";"IT";"IT";"16:45";"18:05";120;120;"1234567";321;200
"XY";1672;"CTA";"FLR";"CTA";"FLR";"IT";"IT";"13:05";"14:40";120;120;"1234567";"E75";76
"XY";1744;"CTA";"FCO";"CTA";"ROM";"IT";"IT";"07:55";"09:15";120;120;"1234567";321;200
"XY";1752;"CTA";"FCO";"CTA";"ROM";"IT";"IT";"20:20";"21:40";120;120;"12345..";"E75";76
"XY";1710;"CTA";"FCO";"CTA";"ROM";"IT";"IT";"10:15";"11:35";120;120;"1.3..6.";321;200
"XY";1720;"CTA";"FCO";"CTA";"ROM";"IT";"IT";"21:05";"22:25";120;120;"1234567";321;200
"XY";1730;"CTA";"FCO";"CTA";"ROM";"IT";"IT";"17:30";"18:50";120;120;"1234567";"32S";168
"XY";1752;"CTA";"FCO";"CTA";"ROM";"IT";"IT";"20:20";"21:40";120;120;"......7";"32S";168
"XY";1736;"CTA";"FCO";"CTA";"ROM";"IT";"IT";"07:20";"08:40";120;120;"1234567";"32S";168
"XY";1718;"CTA";"LIN";"CTA";"MIL";"IT";"IT";"20:50";"22:40";120;120;"1234567";320;167
"XY";125;"CPH";"FCO";"CPH";"ROM";"DK";"IT";"13:05";"15:45";120;120;"..34...";"32S";168
"XY";125;"CPH";"FCO";"CPH";"ROM";"DK";"IT";"13:05";"15:45";120;120;".....6.";319;138
"XY";875;"CMN";"FCO";"CAS";"ROM";"MA";"IT";"16:00";"20:00";60;120;"1234567";"32S";168
"XY";877;"CMN";"FCO";"CAS";"ROM";"MA";"IT";"12:40";"16:40";60;120;"1.3.5.7";319;138
"XY";305;"CDG";"LIN";"PAR";"MIL";"FR";"IT";"09:35";"11:05";120;120;"......7";320;167
"XY";329;"CDG";"FCO";"PAR";"ROM";"FR";"IT";"19:50";"21:55";120;120;"1234567";321;200
"XY";327;"CDG";"FCO";"PAR";"ROM";"FR";"IT";"18:15";"20:20";120;120;"1234567";321;200
"XY";333;"CDG";"FCO";"PAR";"ROM";"FR";"IT";"11:35";"13:40";120;120;"1234567";321;200
"XY";317;"CDG";"FCO";"PAR";"ROM";"FR";"IT";"07:15";"09:20";120;120;"1234567";321;200
"XY";313;"CDG";"LIN";"PAR";"MIL";"FR";"IT";"15:15";"16:45";120;120;"1234567";"32S";168
"XY";311;"CDG";"LIN";"PAR";"MIL";"FR";"IT";"20:40";"22:10";120;120;"12345.7";"32S";168
"XY";319;"CDG";"FCO";"PAR";"ROM";"FR";"IT";"09:25";"11:30";120;120;"1234567";"32S";168
"XY";325;"CDG";"FCO";"PAR";"ROM";"FR";"IT";"13:45";"15:50";120;120;"1234567";"32S";168
"XY";305;"CDG";"LIN";"PAR";"MIL";"FR";"IT";"09:35";"11:05";120;120;"123456.";"32S";168
"XY";687;"CCS";"FCO";"CCS";"ROM";"VE";"IT";"19:55";"12:30";-270;120;"1234567";330;243
"XY";895;"CAI";"FCO";"CAI";"ROM";"EG";"IT";"03:30";"07:00";120;120;"1234567";"32S";168
"XY";899;"CAI";"MXP";"CAI";"MIL";"EG";"IT";"19:05";"23:10";120;120;"1234567";"32S";168
"XY";897;"CAI";"FCO";"CAI";"ROM";"EG";"IT";"16:30";"20:00";120;120;"1234567";"32S";168
"XY";1567;"CAG";"LIN";"CAG";"MIL";"IT";"IT";"16:50";"18:10";120;120;"......7";"32S";168
"XY";1562;"CAG";"FCO";"CAG";"ROM";"IT";"IT";"14:30";"15:35";120;120;"1234567";319;138
"XY";1567;"CAG";"LIN";"CAG";"MIL";"IT";"IT";"16:50";"18:10";120;120;".....6.";320;167
"XY";1567;"CAG";"LIN";"CAG";"MIL";"IT";"IT";"15:50";"17:10";120;120;"12345..";320;167
"XY";479;"BUD";"FCO";"BUD";"ROM";"HU";"IT";"18:15";"20:00";120;120;"1234567";319;138
"XY";477;"BUD";"FCO";"BUD";"ROM";"HU";"IT";"07:15";"09:00";120;120;".2.4567";319;138
"XY";157;"BRU";"FCO";"BRU";"ROM";"BE";"IT";"07:00";"09:05";120;120;"1234567";321;200
"XY";159;"BRU";"FCO";"BRU";"ROM";"BE";"IT";"11:25";"13:30";120;120;"1234567";"32S";168
"XY";165;"BRU";"FCO";"BRU";"ROM";"BE";"IT";"15:55";"18:00";120;120;"1234567";"32S";168
"XY";151;"BRU";"LIN";"BRU";"MIL";"BE";"IT";"09:25";"10:55";120;120;"12345..";"E90";108
"XY";1616;"BRI";"FCO";"BRI";"ROM";"IT";"IT";"16:45";"17:50";120;120;"1234567";319;138
"XY";1602;"BRI";"FCO";"BRI";"ROM";"IT";"IT";"08:05";"09:10";120;120;"....5..";320;167
"XY";1606;"BRI";"FCO";"BRI";"ROM";"IT";"IT";"18:55";"20:00";120;120;"12345.7";320;167
"XY";1604;"BRI";"FCO";"BRI";"ROM";"IT";"IT";"10:25";"11:30";120;120;".....6.";320;167
"XY";1639;"BRI";"TRN";"BRI";"TRN";"IT";"IT";"09:55";"11:35";120;120;"1234567";319;138
"XY";1612;"BRI";"FCO";"BRI";"ROM";"IT";"IT";"12:15";"13:20";120;120;"1234567";321;200
"XY";1614;"BRI";"FCO";"BRI";"ROM";"IT";"IT";"06:30";"07:35";120;120;"1234567";319;138
"XY";1610;"BRI";"FCO";"BRI";"ROM";"IT";"IT";"20:55";"22:00";120;120;".234567";321;200
"XY";1602;"BRI";"FCO";"BRI";"ROM";"IT";"IT";"08:05";"09:10";120;120;"1234.67";"32S";168
"XY";1632;"BRI";"LIN";"BRI";"MIL";"IT";"IT";"21:00";"22:30";120;120;"12345..";"32S";168
"XY";1610;"BRI";"FCO";"BRI";"ROM";"IT";"IT";"20:55";"22:00";120;120;"1......";"32S";168
"XY";1606;"BRI";"FCO";"BRI";"ROM";"IT";"IT";"18:55";"20:00";120;120;".....6.";319;138
"XY";1604;"BRI";"FCO";"BRI";"ROM";"IT";"IT";"10:25";"11:30";120;120;"12345.7";319;138
"XY";615;"BOS";"FCO";"BOS";"ROM";"US";"IT";"23:20";"13:20";-240;120;"1234567";330;243
"XY";1316;"BLQ";"FCO";"BLQ";"ROM";"IT";"IT";"16:15";"17:15";120;120;"1234567";"E75";76
"XY";1314;"BLQ";"FCO";"BLQ";"ROM";"IT";"IT";"12:30";"13:30";120;120;"1234567";"32S";168
"XY";1342;"BLQ";"CTA";"BLQ";"CTA";"IT";"IT";"20:05";"21:40";120;120;"1234567";319;138
"XY";1312;"BLQ";"FCO";"BLQ";"ROM";"IT";"IT";"08:20";"09:20";120;120;"1234567";"E75";76
"XY";1344;"BLQ";"CTA";"BLQ";"CTA";"IT";"IT";"09:20";"10:55";120;120;"1234567";319;138
"XY";57;"BIO";"FCO";"BIO";"ROM";"ES";"IT";"12:55";"15:10";120;120;"......7";320;167
"XY";57;"BIO";"FCO";"BIO";"ROM";"ES";"IT";"12:55";"15:10";120;120;"..3....";"32S";168
"XY";823;"BEY";"FCO";"BEY";"ROM";"LB";"IT";"16:35";"19:10";180;120;".2..56.";"32S";168
"XY";827;"BEY";"FCO";"BEY";"ROM";"LB";"IT";"04:25";"07:00";180;120;"1.3.5.7";"32S";168
"XY";825;"BEY";"FCO";"BEY";"ROM";"LB";"IT";"20:05";"22:40";180;120;"....5..";"32S";168
"XY";825;"BEY";"FCO";"BEY";"ROM";"LB";"IT";"20:05";"22:40";180;120;"1.3....";321;200
"XY";597;"BEG";"FCO";"BEG";"ROM";"RS";"IT";"18:20";"19:50";120;120;"1234567";"E75";76
"XY";591;"BEG";"FCO";"BEG";"ROM";"RS";"IT";"12:05";"13:35";120;120;"1234567";"E75";76
"XY";1624;"BDS";"FCO";"BDS";"ROM";"IT";"IT";"12:20";"13:30";120;120;"1234567";"32S";168
"XY";1644;"BDS";"LIN";"BDS";"MIL";"IT";"IT";"21:35";"23:10";120;120;"12345.7";"32S";168
"XY";1620;"BDS";"FCO";"BDS";"ROM";"IT";"IT";"08:00";"09:10";120;120;"1234567";321;200
"XY";1622;"BDS";"FCO";"BDS";"ROM";"IT";"IT";"16:50";"18:00";120;120;"1234567";321;200
"XY";1634;"BDS";"FCO";"BDS";"ROM";"IT";"IT";"18:55";"20:05";120;120;"1234567";321;200
"XY";77;"BCN";"FCO";"BCN";"ROM";"ES";"IT";"11:45";"13:30";120;120;"1234567";"32S";168
"XY";69;"BCN";"FCO";"BCN";"ROM";"ES";"IT";"18:15";"20:00";120;120;"1234567";321;200
"XY";75;"BCN";"FCO";"BCN";"ROM";"ES";"IT";"07:15";"09:00";120;120;"..3....";321;200
"XY";81;"BCN";"LIN";"BCN";"MIL";"ES";"IT";"19:50";"21:25";120;120;"1234567";"32S";168
"XY";75;"BCN";"FCO";"BCN";"ROM";"ES";"IT";"07:15";"09:00";120;120;"12.4567";"32S";168
"XY";71;"BCN";"FCO";"BCN";"ROM";"ES";"IT";"19:20";"21:05";120;120;"1234567";"32S";168
"XY";853;"AUH";"FCO";"AUH";"ROM";"AE";"IT";"07:40";"12:10";240;120;"1.....7";330;243
"XY";855;"AUH";"FCO";"AUH";"ROM";"AE";"IT";"02:40";"07:10";240;120;"...4.6.";330;243
"XY";715;"ATH";"FCO";"ATH";"ROM";"GR";"IT";"14:05";"15:10";180;120;"1234567";"32S";168
"XY";717;"ATH";"FCO";"ATH";"ROM";"GR";"IT";"08:20";"09:25";180;120;"1234567";321;200
"XY";721;"ATH";"FCO";"ATH";"ROM";"GR";"IT";"19:05";"20:10";180;120;"1234567";321;200
"XY";719;"ATH";"FCO";"ATH";"ROM";"GR";"IT";"12:25";"13:30";180;120;"......7";"32S";168
"XY";719;"ATH";"FCO";"ATH";"ROM";"GR";"IT";"12:25";"13:30";180;120;"12345..";320;167
"XY";723;"ATH";"NAP";"ATH";"NAP";"GR";"IT";"13:50";"14:35";180;120;"1234567";"E75";76
"XY";719;"ATH";"FCO";"ATH";"ROM";"GR";"IT";"12:25";"13:30";180;120;".....6.";319;138
"XY";1128;"AOI";"FCO";"AOI";"ROM";"IT";"IT";"12:20";"13:10";120;120;"1234567";"E75";76
"XY";1126;"AOI";"FCO";"AOI";"ROM";"IT";"IT";"08:10";"09:00";120;120;"123456.";"E75";76
"XY";1130;"AOI";"FCO";"AOI";"ROM";"IT";"IT";"16:15";"17:05";120;120;"1234567";"E75";76
"XY";121;"AMS";"LIN";"AMS";"MIL";"NL";"IT";"12:15";"13:55";120;120;"1234567";"32S";168
"XY";113;"AMS";"LIN";"AMS";"MIL";"NL";"IT";"20:15";"21:55";120;120;"1234567";"32S";168
"XY";107;"AMS";"FCO";"AMS";"ROM";"NL";"IT";"11:25";"13:40";120;120;"1234567";321;200
"XY";109;"AMS";"FCO";"AMS";"ROM";"NL";"IT";"13:25";"15:40";120;120;"1234567";321;200
"XY";111;"AMS";"FCO";"AMS";"ROM";"NL";"IT";"18:05";"20:20";120;120;"1234567";"32S";168
"XY";821;"AMM";"FCO";"AMM";"ROM";"JO";"IT";"20:05";"22:45";180;120;"1..4...";"32S";168
"XY";810;"AMM";"FCO";"AMM";"ROM";"JO";"IT";"04:20";"07:00";180;120;"...4..7";"32S";168
"XY";801;"ALG";"FCO";"ALG";"ROM";"DZ";"IT";"15:05";"17:50";60;120;".....6.";320;167
"XY";803;"ALG";"FCO";"ALG";"ROM";"DZ";"IT";"03:55";"06:40";60;120;"1234567";319;138
"XY";801;"ALG";"FCO";"ALG";"ROM";"DZ";"IT";"15:05";"17:50";60;120;"12345.7";319;138
"XY";91;"AGP";"FCO";"AGP";"ROM";"ES";"IT";"13:25";"15:50";120;120;"...4567";319;138
"XY";93;"AGP";"FCO";"AGP";"ROM";"ES";"IT";"05:50";"08:15";120;120;"..3...7";319;138
"XY";91;"AGP";"FCO";"AGP";"ROM";"ES";"IT";"13:25";"15:50";120;120;"12.....";"32S";168
"XY";93;"AGP";"FCO";"AGP";"ROM";"ES";"IT";"05:50";"08:15";120;120;"...4...";"32S";168
"XY";845;"ACC";"FCO";"ACC";"ROM";"GH";"IT";"23:35";"07:10";0;120;"1.3..6.";330;243
